Segment ID,PCI,Road Type,AADT,Asphalt Type,Last Maintenance,Average Rainfall,Rutting,IRI,Needs Maintenance
SID 361555,87.09,Secondary,4424,Concrete,2020,50.26,14.78,0.86,0
SID 543474,32.71,Secondary,19283,Asphalt,2017,79.99,19.24,0.92,1
SID 680773,27.42,Tertiary,3442,Concrete,2007,75.16,19.69,0.79,1
SID 573017,53.42,Tertiary,1697,Concrete,2023,54.76,12.94,0.73,0
SID 196055,78.49,Tertiary,1906,Concrete,2019,51.42,13.74,1.13,0
SID 24032,37.95,Tertiary,5084,Asphalt,2020,70.97,17.92,1.06,1
SID 295127,54.86,Secondary,12722,Concrete,2019,63.61,15.28,0.98,0
SID 152532,87.14,Secondary,7549,Concrete,2018,60.78,14.88,0.6,0
SID 805698,20.52,Tertiary,1981,Asphalt,2019,74.4,18.68,1.03,1
SID 532179,32.58,Secondary,11485,Asphalt,2019,77.97,17.87,0.94,1
SID 162493,16.65,Tertiary,2871,Concrete,2005,93.94,19.29,1.07,1
SID 45573,91.99,Secondary,4786,Concrete,2021,49.74,14.45,0.48,0
SID 195949,85.06,Tertiary,2219,Asphalt,2024,57.65,13.51,0.8,0
SID 812861,42.89,Primary,38137,Asphalt,2004,61.51,18.04,1.32,1
SID 968765,4.15,Primary,78486,Concrete,2012,83.76,18.58,0.49,1
SID 925933,45.01,Secondary,17639,Asphalt,2020,96.16,19.08,0.76,1
SID 1015055,62.55,Primary,16719,Concrete,2021,34.62,16.7,0.97,0
SID 833245,44.33,Primary,20127,Asphalt,2018,75.23,19.34,1.0,1
SID 214766,32.45,Secondary,6908,Asphalt,2020,91.93,18.38,1.4,1
SID 174578,37.14,Tertiary,2504,Asphalt,2017,72.04,19.39,1.15,1
SID 589342,37.84,Secondary,15505,Asphalt,2013,93.37,18.99,0.82,1
SID 29676,100.0,Primary,37355,Concrete,2023,37.82,12.49,0.65,0
SID 393870,41.53,Tertiary,1991,Asphalt,2017,75.25,18.78,0.86,1
SID 335029,87.95,Tertiary,1729,Concrete,2020,37.64,11.44,0.54,0
SID 872039,15.44,Secondary,12525,Asphalt,2019,85.48,19.88,1.13,1
SID 429795,9.18,Tertiary,3365,Asphalt,2020,91.18,18.78,0.91,1
SID 920179,55.87,Primary,32515,Concrete,2018,47.59,16.49,0.91,0
SID 20057,74.78,Secondary,13140,Concrete,2022,48.51,14.43,1.06,0
SID 193165,23.84,Tertiary,3733,Asphalt,2019,68.64,20.27,0.98,1
SID 288921,61.1,Tertiary,347,Asphalt,2024,67.84,15.17,0.77,0
SID 148295,100.0,Tertiary,1691,Concrete,2020,48.63,13.27,0.67,0
SID 1041989,82.62,Tertiary,1899,Concrete,2019,69.65,14.73,0.57,0
SID 962316,91.82,Tertiary,2117,Concrete,2020,58.5,14.08,0.62,0
SID 663259,53.56,Tertiary,771,Concrete,2020,58.12,12.93,0.56,0
SID 347744,35.3,Secondary,5788,Asphalt,2020,72.35,17.36,0.78,1
SID 322938,24.82,Primary,36802,Asphalt,2018,67.94,19.05,0.68,1
SID 978790,77.07,Tertiary,1862,Concrete,2017,43.08,14.25,0.75,0
SID 147264,100.0,Primary,40536,Concrete,2022,52.35,16.92,0.68,0
SID 107102,0.0,Tertiary,3437,Asphalt,2014,69.77,17.73,0.92,1
SID 627171,19.7,Secondary,16012,Asphalt,2020,81.91,18.86,0.95,1
SID 540058,94.36,Secondary,14133,Concrete,2023,37.5,13.49,0.41,0
SID 897773,67.33,Tertiary,2249,Concrete,2019,43.66,16.05,0.3,0
SID 423256,43.8,Secondary,13052,Concrete,2017,36.89,14.36,0.71,0
SID 1254,50.25,Secondary,10844,Concrete,2022,56.34,14.4,0.95,0
SID 332989,15.88,Tertiary,1988,Concrete,2012,87.49,18.92,0.94,1
SID 877775,27.55,Secondary,17787,Concrete,2012,73.41,18.21,0.74,1
SID 304249,33.23,Secondary,12112,Concrete,2019,54.97,12.94,0.95,0
SID 386409,72.05,Secondary,13073,Concrete,2017,57.24,12.67,0.85,0
SID 394836,70.81,Primary,37293,Concrete,2021,50.45,14.46,0.82,0
SID 133421,85.21,Secondary,7836,Concrete,2021,53.99,12.88,0.23,0
SID 213907,61.03,Secondary,6957,Concrete,2018,59.7,14.62,0.89,0
SID 845599,69.93,Tertiary,2426,Concrete,2023,53.95,14.26,1.21,0
SID 144328,24.31,Tertiary,2146,Asphalt,2020,62.15,18.42,1.07,1
SID 439431,27.21,Tertiary,2857,Asphalt,2013,73.79,21.75,1.03,1
SID 573303,49.7,Primary,17878,Asphalt,2023,50.42,13.22,0.89,0
SID 987289,51.68,Tertiary,5514,Asphalt,2014,68.7,19.13,1.03,1
SID 369511,82.75,Tertiary,870,Concrete,2016,58.7,12.49,1.13,0
SID 744783,72.21,Tertiary,1992,Asphalt,2024,43.2,12.25,0.46,0
SID 497983,69.96,Tertiary,903,Concrete,2020,35.43,11.62,1.0,0
SID 346425,49.27,Primary,26332,Concrete,2020,59.0,15.48,0.55,0
SID 665995,36.55,Secondary,26454,Asphalt,2020,62.93,19.18,0.82,1
SID 417090,59.34,Primary,18933,Concrete,2023,40.26,11.02,0.67,0
SID 450143,82.01,Tertiary,1312,Concrete,2022,50.83,13.65,0.46,0
SID 87426,86.06,Primary,20608,Concrete,2018,40.42,12.12,0.66,0
SID 794650,32.28,Tertiary,1636,Asphalt,2018,89.6,17.69,1.35,1
SID 668085,92.63,Tertiary,1817,Concrete,2023,42.74,12.49,0.85,0
SID 384275,77.57,Secondary,7230,Concrete,2019,53.09,13.02,1.08,0
SID 150527,62.09,Secondary,11291,Asphalt,2009,72.64,19.55,1.18,1
SID 564962,99.5,Tertiary,1483,Concrete,2023,55.11,16.31,0.74,0
SID 421759,69.45,Secondary,7773,Asphalt,2024,39.59,12.63,0.61,0
SID 585291,46.49,Tertiary,2388,Concrete,2017,57.39,13.89,0.71,0
SID 860703,87.36,Tertiary,1462,Asphalt,2024,47.96,14.34,0.55,0
SID 717975,47.12,Primary,51497,Asphalt,2020,71.68,18.38,0.95,1
SID 10721,46.42,Primary,25602,Concrete,2010,72.4,18.76,1.17,1
SID 193242,89.11,Secondary,31537,Asphalt,2023,53.65,12.75,0.86,0
SID 684462,7.97,Tertiary,4447,Asphalt,2019,74.07,18.34,1.02,1
SID 906926,14.34,Secondary,12039,Asphalt,2018,82.92,19.08,0.69,1
SID 428394,73.6,Primary,24832,Concrete,2019,44.1,13.93,1.02,0
SID 594162,53.51,Tertiary,4287,Asphalt,2018,81.17,21.2,1.07,1
SID 726700,95.51,Secondary,2412,Asphalt,2024,57.44,12.37,0.42,0
SID 647800,70.74,Tertiary,2096,Concrete,2023,44.73,12.05,0.88,0
SID 858848,19.51,Secondary,15224,Asphalt,2017,69.59,19.58,1.36,1
SID 381346,89.53,Tertiary,411,Concrete,2022,18.13,9.63,0.32,0
SID 572058,43.02,Secondary,7442,Asphalt,2021,98.07,19.7,0.97,1
SID 32622,59.16,Primary,25131,Concrete,2021,63.36,14.8,0.84,0
SID 852739,85.03,Primary,30435,Concrete,2022,52.49,15.67,0.88,0
SID 612757,26.78,Tertiary,4517,Asphalt,2000,69.51,18.26,0.74,1
SID 924042,81.56,Tertiary,2618,Concrete,2022,47.1,12.72,0.59,0
SID 622955,47.62,Secondary,20057,Asphalt,2019,85.08,19.67,1.08,1
SID 522873,60.6,Tertiary,574,Concrete,2022,52.07,11.9,0.49,0
SID 589715,12.03,Primary,31268,Concrete,2013,77.65,18.66,0.8,1
SID 430753,92.17,Secondary,-1096,Concrete,2018,49.18,14.21,0.65,0
SID 753165,81.04,Primary,26494,Asphalt,2024,48.23,14.42,0.82,0
SID 929015,75.62,Primary,26968,Concrete,2021,26.88,13.89,0.81,0
SID 442326,23.64,Tertiary,180,Asphalt,2021,64.39,18.8,1.11,1
SID 788593,94.87,Secondary,5310,Asphalt,2024,49.08,14.81,0.55,0
SID 334749,76.0,Tertiary,443,Concrete,2022,62.4,15.82,0.58,0
SID 756198,14.06,Tertiary,3660,Asphalt,2020,99.0,17.56,0.7,1
SID 923875,83.98,Secondary,11589,Concrete,2019,65.96,14.67,0.52,0
SID 469796,86.57,Primary,20699,Asphalt,2023,49.09,18.02,0.51,0
SID 271579,91.88,Primary,17122,Concrete,2019,49.4,13.82,0.7,0
SID 817107,22.96,Secondary,23320,Asphalt,2020,74.87,17.98,1.01,1
SID 121174,87.17,Secondary,7213,Concrete,2018,42.05,13.59,0.51,0
SID 731756,72.2,Secondary,8799,Asphalt,2023,53.96,12.59,0.76,0
SID 730463,96.56,Tertiary,1088,Concrete,2021,58.09,15.16,0.33,0
SID 276577,58.39,Secondary,11409,Asphalt,2020,88.87,20.32,0.86,1
SID 373897,9.41,Secondary,5705,Asphalt,2013,90.96,20.11,0.57,1
SID 30447,50.92,Secondary,12788,Asphalt,2020,66.07,19.06,0.71,1
SID 390022,69.0,Primary,23920,Concrete,2018,43.14,14.71,0.36,0
SID 767981,29.2,Primary,45874,Asphalt,2017,80.28,19.39,1.18,1
SID 33333,100.0,Tertiary,793,Concrete,2021,57.29,14.44,0.96,0
SID 718336,74.09,Tertiary,1821,Concrete,2017,43.24,15.43,1.01,0
SID 562374,79.42,Tertiary,1113,Asphalt,2024,48.05,13.99,0.74,0
SID 264505,99.22,Tertiary,2016,Asphalt,2025,44.99,14.16,0.59,0
SID 313026,24.32,Tertiary,2863,Asphalt,2020,90.14,18.63,0.87,1
SID 579884,74.1,Secondary,5284,Concrete,2020,26.41,12.12,0.56,0
SID 145631,57.19,Primary,20795,Concrete,2018,56.28,16.04,1.2,0
SID 852433,45.83,Tertiary,1661,Asphalt,2020,93.48,21.2,1.44,1
SID 1013237,15.95,Tertiary,1521,Asphalt,2002,73.91,18.87,1.12,1
SID 485010,58.14,Tertiary,4347,Asphalt,2020,76.98,19.08,0.66,1
SID 196114,17.15,Primary,41749,Concrete,2004,81.12,19.7,1.13,1
SID 827241,70.83,Primary,50220,Concrete,2018,58.59,16.74,0.84,0
SID 304812,57.06,Secondary,14085,Asphalt,2007,103.09,19.22,0.57,1
SID 931631,21.67,Tertiary,1855,Asphalt,2020,86.55,18.88,1.27,1
SID 596707,72.36,Primary,16472,Concrete,2020,41.51,12.62,0.55,0
SID 747342,75.7,Tertiary,140,Concrete,2019,61.26,14.04,0.94,0
SID 282988,77.99,Tertiary,4304,Concrete,2023,51.07,13.52,0.75,0
SID 538646,81.39,Secondary,12510,Concrete,2021,45.31,11.53,0.24,0
SID 933108,35.57,Tertiary,989,Asphalt,2020,95.82,20.95,0.72,1
SID 450139,44.47,Tertiary,2624,Asphalt,2020,77.52,20.01,0.84,1
SID 264279,30.67,Secondary,11120,Asphalt,2019,85.34,16.72,1.04,1
SID 164166,36.43,Secondary,11635,Asphalt,2017,88.71,19.47,1.07,1
SID 794550,92.59,Tertiary,6452,Concrete,2019,44.31,13.94,0.7,0
SID 763066,22.65,Tertiary,5962,Asphalt,2017,76.92,17.92,0.9,1
SID 916891,0.0,Tertiary,2287,Asphalt,2011,77.14,18.12,1.32,1
SID 599196,100.0,Secondary,997,Concrete,2019,64.62,15.64,0.98,0
SID 780221,1.87,Tertiary,2018,Asphalt,2017,83.16,19.2,1.06,1
SID 204980,71.93,Primary,17685,Concrete,2020,62.5,13.34,0.65,0
SID 867307,49.29,Tertiary,5720,Concrete,2007,68.31,16.87,1.07,1
SID 845682,95.37,Secondary,5197,Concrete,2019,49.76,14.43,0.36,0
SID 525700,100.0,Primary,31527,Concrete,2020,36.73,16.07,0.86,0
SID 686971,49.14,Secondary,18172,Asphalt,2016,83.63,20.02,0.85,1
SID 137345,30.34,Tertiary,2918,Asphalt,2016,79.38,18.77,1.09,1
SID 540664,90.1,Secondary,26174,Asphalt,2025,53.18,14.2,0.7,0
SID 42778,100.0,Primary,18621,Concrete,2021,56.46,15.81,1.07,0
SID 783454,29.04,Tertiary,3265,Asphalt,2019,66.89,20.13,1.04,1
SID 752377,48.35,Primary,5560,Asphalt,2020,71.12,21.28,0.85,1
SID 629401,48.13,Tertiary,1644,Asphalt,2020,83.75,20.0,0.77,1
SID 578613,89.29,Primary,36325,Concrete,2023,62.14,16.36,0.61,0
SID 855250,76.93,Primary,21425,Asphalt,2024,35.98,11.37,1.12,0
SID 331137,59.5,Primary,42175,Concrete,2016,60.99,16.6,1.14,0
SID 928201,48.42,Tertiary,1682,Asphalt,2011,73.64,19.1,0.63,1
SID 179638,49.59,Primary,30929,Concrete,2019,49.19,14.72,1.0,0
SID 1044875,32.18,Tertiary,4854,Asphalt,2018,88.86,18.11,1.09,1
SID 488203,13.52,Tertiary,2832,Concrete,2010,83.0,18.94,1.16,1
SID 389314,84.24,Primary,26836,Asphalt,2023,49.24,14.05,0.63,0
SID 731211,86.09,Primary,15153,Asphalt,2024,42.93,14.06,0.58,0
SID 758114,57.38,Tertiary,2794,Concrete,2005,77.76,18.17,0.71,1
SID 455827,53.13,Tertiary,1379,Concrete,2008,93.15,19.44,0.72,1
SID 584889,28.36,Primary,38456,Concrete,2008,97.26,20.48,0.77,1
SID 793411,92.98,Primary,20300,Concrete,2016,60.88,15.2,0.69,0
SID 55108,78.1,Tertiary,2446,Concrete,2017,38.37,13.1,0.68,0
SID 340036,66.63,Primary,30754,Asphalt,2025,49.75,14.64,0.89,0
SID 480673,80.34,Primary,27025,Concrete,2020,51.62,13.64,0.8,0
SID 631487,38.76,Primary,27859,Concrete,1997,74.95,20.42,0.73,1
SID 192179,34.12,Tertiary,2649,Concrete,2007,84.59,17.87,0.93,1
SID 373603,0.0,Tertiary,2200,Asphalt,2017,74.91,19.64,0.99,1
SID 452412,23.2,Tertiary,3073,Asphalt,2019,95.66,17.11,0.62,1
SID 844106,61.3,Tertiary,1173,Concrete,2000,85.79,19.52,1.43,1
SID 897538,24.3,Primary,17374,Concrete,2008,67.7,19.37,0.77,1
SID 647804,45.87,Secondary,32784,Asphalt,2020,73.16,19.25,1.25,1
SID 366617,0.0,Tertiary,164,Asphalt,2019,73.3,19.24,0.84,1
SID 585517,98.24,Secondary,9965,Concrete,2017,53.27,15.08,0.92,0
SID 632517,53.55,Tertiary,662,Concrete,2021,39.77,13.86,0.71,0
SID 742798,30.26,Secondary,20735,Asphalt,2012,58.38,19.79,1.15,1
SID 384901,18.67,Secondary,22099,Asphalt,2011,75.53,19.12,0.82,1
SID 665111,20.73,Secondary,13518,Asphalt,2020,64.15,18.84,0.75,1
SID 460539,100.0,Primary,22504,Asphalt,2025,51.97,15.07,0.91,0
SID 558546,79.23,Primary,36995,Concrete,2022,56.0,16.98,0.54,0
SID 853536,68.54,Secondary,10138,Concrete,2017,35.08,14.55,0.17,0
SID 7564,80.32,Tertiary,4039,Concrete,2018,54.38,14.92,0.74,0
SID 151315,11.15,Secondary,16875,Asphalt,2019,73.63,20.23,0.8,1
SID 271411,54.07,Secondary,9104,Asphalt,2017,78.71,17.98,1.2,1
SID 1043122,85.69,Tertiary,2883,Concrete,2016,52.77,13.68,0.78,0
SID 412146,93.73,Secondary,768,Concrete,2018,57.06,13.81,0.45,0
SID 111450,22.13,Tertiary,4002,Asphalt,2018,97.92,17.3,1.12,1
SID 930121,17.44,Secondary,21691,Asphalt,2020,76.65,18.21,0.94,1
SID 35773,53.23,Secondary,15385,Asphalt,2020,72.49,18.98,0.66,1
SID 886591,6.83,Tertiary,1621,Asphalt,2014,97.86,22.37,1.09,1
SID 568463,13.41,Tertiary,2544,Asphalt,2019,84.36,17.58,0.64,1
SID 139131,86.58,Tertiary,2036,Concrete,2018,41.95,12.66,1.08,0
SID 562617,83.29,Secondary,4870,Concrete,2020,64.91,16.56,0.83,0
SID 384271,100.0,Tertiary,678,Concrete,2021,49.37,12.18,1.01,0
SID 796688,74.35,Tertiary,970,Asphalt,2023,55.84,13.41,0.74,0
SID 404412,29.76,Tertiary,2833,Concrete,2006,84.55,17.66,0.75,1
SID 455859,67.91,Secondary,9591,Concrete,2023,59.15,13.79,0.78,0
SID 616116,32.84,Tertiary,2393,Asphalt,2021,59.76,18.62,0.85,1
SID 110426,72.89,Secondary,9718,Concrete,2019,68.93,16.76,0.48,0
SID 946341,25.6,Tertiary,4221,Concrete,2013,61.0,21.01,0.72,1
SID 768682,62.85,Tertiary,3939,Asphalt,2011,69.97,18.83,1.17,1
SID 439748,76.53,Tertiary,411,Concrete,2019,51.22,14.38,0.6,0
SID 676378,37.74,Tertiary,2908,Asphalt,2018,79.97,18.48,1.05,1
SID 869157,80.46,Tertiary,1849,Concrete,2021,45.83,14.0,0.72,0
SID 19430,88.1,Primary,33000,Concrete,2019,66.07,13.52,0.71,0
SID 552409,46.04,Secondary,15179,Asphalt,2019,71.57,18.64,0.95,1
SID 366384,60.62,Primary,41030,Concrete,2021,44.98,15.22,0.85,0
SID 499011,80.57,Primary,23442,Asphalt,2025,47.35,13.92,0.89,0
SID 1039540,85.07,Secondary,11926,Concrete,2022,62.94,14.36,0.92,0
SID 627980,21.78,Tertiary,1981,Asphalt,2020,74.46,19.63,0.88,1
SID 941862,87.43,Secondary,11676,Concrete,2019,56.61,14.24,0.36,0
SID 799715,70.49,Secondary,10088,Concrete,2020,32.17,13.07,0.78,0
SID 96957,27.1,Secondary,14092,Asphalt,2007,95.34,20.79,0.82,1
SID 396268,58.59,Tertiary,2270,Concrete,2023,44.3,15.55,0.57,0
SID 28113,67.66,Tertiary,4214,Concrete,2023,47.91,13.63,0.77,0
SID 142571,70.99,Tertiary,3334,Concrete,2023,55.57,14.5,0.92,0
SID 469373,44.83,Tertiary,3901,Asphalt,2019,85.29,19.36,1.03,1
SID 651431,75.6,Secondary,22501,Concrete,2022,67.72,17.16,0.77,0
SID 104643,63.61,Primary,81917,Concrete,2010,83.87,21.26,1.22,1
SID 974426,30.41,Secondary,8273,Asphalt,2016,68.81,20.07,0.77,1
SID 73247,63.79,Primary,34808,Concrete,2019,63.54,13.71,0.9,0
SID 621789,100.0,Secondary,6222,Concrete,2018,45.07,15.67,0.85,0
SID 895981,0.0,Tertiary,4110,Asphalt,2018,71.3,19.02,0.97,1
SID 379504,63.15,Secondary,7467,Concrete,2020,55.72,13.31,0.45,0
SID 969124,57.93,Tertiary,2000,Concrete,2021,49.34,14.45,0.47,0
SID 186042,90.37,Secondary,6046,Concrete,2020,48.59,13.68,0.79,0
SID 29400,78.76,Secondary,24751,Concrete,2019,49.04,13.34,0.49,0
SID 850142,91.45,Primary,25148,Concrete,2020,40.49,13.38,0.88,0
SID 857422,82.48,Secondary,10218,Concrete,2018,59.52,14.44,0.63,0
SID 613189,32.52,Tertiary,2752,Asphalt,2016,70.1,19.85,0.86,1
SID 309274,70.57,Primary,32885,Concrete,2018,47.34,13.76,0.74,0
SID 770101,55.59,Secondary,9318,Concrete,2012,83.69,18.38,1.15,1
SID 866437,47.23,Tertiary,2673,Asphalt,2018,80.23,18.32,0.78,1
SID 306707,59.25,Primary,25368,Concrete,2018,44.79,14.25,0.74,0
SID 603795,82.84,Tertiary,1553,Asphalt,2024,55.1,13.94,0.44,0
SID 162257,81.7,Tertiary,2177,Concrete,2022,54.15,16.14,1.04,0
SID 395369,34.24,Secondary,24665,Asphalt,2020,73.61,17.54,1.07,1
SID 323526,74.68,Primary,26448,Concrete,2021,45.58,13.89,0.72,0
SID 840891,85.0,Secondary,20984,Concrete,2022,64.47,15.66,0.86,0
SID 238345,100.0,Secondary,8972,Concrete,2021,49.94,14.02,0.33,0
SID 64248,49.66,Primary,59222,Concrete,2009,57.97,19.5,1.11,1
SID 149705,59.44,Primary,27513,Concrete,2018,70.71,13.3,0.91,0
SID 577634,18.15,Tertiary,2524,Asphalt,2019,72.21,18.61,0.81,1
SID 217925,78.91,Secondary,853,Concrete,2021,37.21,15.02,0.6,0
SID 695818,69.01,Tertiary,2054,Concrete,2022,58.51,14.67,0.82,0
SID 895711,12.33,Tertiary,3665,Asphalt,2013,70.39,19.36,0.69,1
SID 922232,26.01,Secondary,20006,Concrete,2007,79.21,19.01,0.91,1
SID 914603,26.14,Primary,36939,Asphalt,2019,82.41,20.74,1.08,1
SID 696205,9.03,Tertiary,2413,Asphalt,2020,75.09,19.98,1.04,1
SID 253009,19.18,Primary,71632,Concrete,2007,81.85,19.88,1.03,1
SID 497642,74.04,Secondary,8614,Asphalt,2023,45.49,13.14,0.69,0
SID 493034,55.32,Secondary,6410,Asphalt,2024,37.53,14.43,0.96,0
SID 351538,81.55,Tertiary,2553,Concrete,2016,55.02,13.68,0.81,0
SID 500071,31.29,Primary,24106,Asphalt,2018,76.05,20.46,0.86,1
SID 816304,31.46,Tertiary,2972,Asphalt,2008,102.51,19.14,0.59,1
SID 939280,55.97,Primary,20440,Concrete,2020,54.96,14.82,0.87,0
SID 409176,64.27,Primary,10130,Concrete,2017,37.85,14.94,0.63,0
SID 446189,76.34,Secondary,5367,Concrete,2021,41.38,15.3,0.72,0
SID 798934,93.33,Primary,26604,Concrete,2021,48.59,15.72,0.41,0
SID 50685,84.38,Secondary,19872,Asphalt,2024,66.96,14.47,1.08,0
SID 283444,84.17,Primary,22373,Asphalt,2023,39.87,14.58,0.98,0
SID 381610,45.42,Tertiary,1943,Concrete,2021,51.39,12.07,0.64,0
SID 227097,84.56,Secondary,17999,Concrete,2021,33.54,14.07,0.84,0
SID 669360,16.13,Tertiary,2431,Asphalt,2020,72.22,19.25,0.75,1
SID 875655,92.91,Tertiary,1474,Concrete,2016,46.39,12.29,0.52,0
SID 1390,68.19,Tertiary,4137,Concrete,2022,55.76,11.83,0.82,0
SID 491079,28.43,Secondary,12049,Asphalt,2020,84.61,18.33,1.15,1
SID 8814,49.9,Tertiary,2483,Concrete,2022,47.08,11.94,0.39,0
SID 368845,58.9,Secondary,6903,Concrete,2019,48.61,16.66,0.81,0
SID 352899,100.0,Tertiary,2169,Concrete,2020,51.32,12.05,0.53,0
SID 1039083,100.0,Secondary,9126,Concrete,2018,72.34,13.76,0.48,0
SID 144368,95.77,Tertiary,6048,Concrete,2019,35.22,12.94,1.0,0
SID 617510,71.99,Tertiary,4287,Concrete,2019,57.38,14.53,0.74,0
SID 442559,65.32,Primary,43325,Asphalt,2023,43.74,13.92,0.84,0
SID 544670,31.52,Secondary,5271,Asphalt,2020,67.27,19.13,0.84,1
SID 293266,61.09,Tertiary,1970,Concrete,2022,70.5,13.56,0.97,0
SID 575876,72.97,Primary,30461,Concrete,2020,54.17,15.39,0.78,0
SID 303626,100.0,Tertiary,1266,Concrete,2021,54.27,12.65,0.5,0
SID 839236,29.16,Tertiary,939,Asphalt,2020,69.65,20.7,0.54,1
SID 690343,7.12,Primary,19250,Asphalt,2019,74.33,18.64,0.57,1
SID 42843,27.72,Secondary,4079,Asphalt,2020,78.67,20.04,1.0,1
SID 463818,26.88,Primary,37139,Concrete,2011,66.97,18.54,1.09,1
SID 1030842,45.59,Primary,42782,Asphalt,2020,70.81,19.7,0.77,1
SID 308618,14.42,Primary,38762,Asphalt,2011,83.06,19.64,0.7,1
SID 29395,86.93,Primary,46085,Concrete,2018,47.82,15.59,1.01,0
SID 391808,88.24,Primary,28198,Concrete,2023,49.76,14.77,0.69,0
SID 1004677,97.35,Primary,25104,Asphalt,2024,55.68,15.65,0.82,0
SID 37559,53.26,Tertiary,2864,Concrete,2007,63.32,17.24,0.7,1
SID 973851,31.73,Tertiary,3505,Asphalt,2020,74.19,19.01,1.14,1
SID 586951,82.58,Tertiary,3614,Concrete,2016,70.37,13.69,0.51,0
SID 200979,23.04,Secondary,14833,Asphalt,2018,81.48,21.15,1.26,1
SID 824081,33.06,Tertiary,2326,Asphalt,2018,70.55,18.49,1.11,1
SID 121931,19.51,Tertiary,2130,Asphalt,2018,103.09,19.25,0.99,1
SID 356172,32.92,Primary,39835,Asphalt,2020,77.29,19.21,1.17,1
SID 1036417,100.0,Tertiary,1531,Asphalt,2024,37.43,14.6,0.9,0
SID 46209,64.51,Tertiary,2743,Concrete,2009,71.27,17.5,0.81,1
SID 8863,64.19,Tertiary,5194,Asphalt,2014,89.53,19.28,1.26,1
SID 923742,13.85,Tertiary,3235,Concrete,2012,73.32,19.85,0.71,1
SID 265242,23.01,Tertiary,1614,Asphalt,2017,84.51,19.51,0.88,1
SID 357400,91.31,Secondary,10346,Concrete,2019,66.54,15.34,0.94,0
SID 680277,60.74,Secondary,6738,Concrete,2021,57.62,13.8,0.56,0
SID 490171,59.21,Secondary,23792,Asphalt,2018,89.05,19.4,1.1,1
SID 634482,56.08,Secondary,7989,Concrete,2019,68.68,16.67,0.87,0
SID 186279,19.53,Tertiary,3289,Asphalt,2017,87.36,19.12,0.54,1
SID 1027057,100.0,Tertiary,1452,Asphalt,2025,45.56,14.46,0.65,0
SID 58764,49.64,Tertiary,5656,Asphalt,2020,65.23,19.83,1.09,1
SID 816566,76.63,Primary,10436,Asphalt,2024,55.15,14.78,0.89,0
SID 96576,97.51,Primary,25536,Asphalt,2024,33.5,14.22,0.98,0
SID 657621,0.22,Secondary,12915,Asphalt,2007,100.38,19.46,0.81,1
SID 301915,41.39,Primary,31850,Asphalt,2023,47.28,16.02,0.7,0
SID 884358,79.03,Tertiary,990,Asphalt,2024,40.62,13.17,0.65,0
SID 156986,13.42,Tertiary,4074,Asphalt,2010,85.41,20.09,0.95,1
SID 816686,74.21,Primary,36881,Concrete,2023,40.88,15.46,0.69,0
SID 285971,73.48,Secondary,7130,Concrete,2016,40.1,13.12,0.8,0
SID 734578,72.24,Tertiary,1214,Concrete,2020,38.19,15.38,1.22,0
SID 251101,21.07,Tertiary,2648,Asphalt,2020,72.08,18.69,0.92,1
SID 533582,90.86,Tertiary,1621,Concrete,2022,25.96,13.93,0.78,0
SID 81541,86.49,Primary,25420,Concrete,2023,55.25,13.97,1.02,0
SID 1045735,62.92,Tertiary,269,Asphalt,2024,56.91,12.56,0.51,0
SID 237687,100.0,Secondary,8928,Concrete,2021,40.9,13.74,0.82,0
SID 516197,80.27,Primary,29796,Concrete,2020,40.07,15.61,1.0,0
SID 706434,62.12,Tertiary,2012,Concrete,2018,40.02,12.69,0.74,0
SID 715466,12.4,Tertiary,3508,Asphalt,2015,78.77,19.24,0.99,1
SID 131459,72.32,Secondary,215,Concrete,2022,59.58,14.91,0.98,0
SID 181230,54.52,Primary,46341,Concrete,2009,84.56,18.92,1.11,1
SID 813508,50.83,Tertiary,4401,Asphalt,2020,80.8,20.8,0.71,1
SID 228651,82.61,Tertiary,952,Concrete,2023,35.77,10.81,0.4,0
SID 487967,53.07,Secondary,11501,Concrete,2020,64.96,16.41,0.31,0
SID 671539,67.92,Tertiary,1086,Concrete,2021,46.9,14.97,0.75,0
SID 494466,52.49,Tertiary,208,Concrete,2024,60.64,14.81,0.73,0
SID 752049,15.35,Tertiary,2300,Asphalt,2020,93.61,17.14,1.18,1
SID 945610,26.87,Tertiary,617,Asphalt,2017,83.17,19.0,1.1,1
SID 629907,82.13,Primary,26684,Asphalt,2024,63.12,16.49,0.78,0
SID 468916,85.47,Secondary,2687,Concrete,2019,49.89,12.16,0.74,0
SID 631349,52.53,Tertiary,6299,Asphalt,2018,52.55,20.48,1.01,1
SID 627823,95.8,Primary,32781,Asphalt,2025,62.15,14.75,0.65,0
SID 731254,38.19,Tertiary,3887,Asphalt,2015,88.71,19.66,1.42,1
SID 463717,79.76,Tertiary,2153,Concrete,2022,34.02,12.88,0.83,0
SID 867384,100.0,Primary,24322,Concrete,2019,52.9,16.97,1.03,0
SID 470162,36.83,Tertiary,2403,Asphalt,2020,104.19,19.77,1.08,1
SID 189230,32.42,Tertiary,1051,Asphalt,2020,86.56,18.1,0.74,1
SID 959187,84.9,Secondary,7194,Concrete,2021,54.04,12.96,0.37,0
SID 859366,95.81,Tertiary,2741,Concrete,2018,49.34,10.55,0.7,0
SID 145175,27.0,Tertiary,3538,Asphalt,2020,94.24,19.55,1.22,1
SID 288594,91.0,Secondary,22579,Concrete,2021,56.32,12.79,0.82,0
SID 81570,29.88,Secondary,10809,Asphalt,2020,79.59,19.28,1.07,1
SID 184721,74.31,Primary,31176,Concrete,2022,50.79,15.87,0.9,0
SID 42183,35.84,Tertiary,3332,Concrete,2012,90.23,19.42,0.4,1
SID 593683,62.67,Secondary,6911,Concrete,2021,56.06,13.62,0.56,0
SID 549950,41.85,Secondary,12368,Asphalt,2019,71.18,19.93,1.13,1
SID 935647,17.81,Primary,71758,Asphalt,2010,85.42,19.59,1.26,1
SID 809771,77.02,Tertiary,2047,Concrete,2019,41.18,11.31,0.52,0
SID 816230,47.72,Tertiary,853,Concrete,2019,48.29,10.29,0.43,0
SID 381244,93.72,Secondary,13094,Concrete,2018,53.66,14.38,0.77,0
SID 335923,65.68,Tertiary,953,Asphalt,2017,72.96,19.79,1.39,1
SID 99275,76.47,Primary,31109,Concrete,2019,55.14,12.62,1.04,0
SID 999728,100.0,Tertiary,703,Concrete,2021,46.98,12.15,0.65,0
SID 982171,35.78,Primary,61074,Asphalt,2018,87.15,18.45,1.14,1
SID 234305,50.95,Tertiary,2443,Concrete,2011,60.2,19.59,0.49,1
SID 127399,78.54,Tertiary,1688,Concrete,2019,57.36,13.46,0.78,0
SID 921253,66.94,Secondary,15213,Concrete,2018,38.58,12.89,0.71,0
SID 538148,18.93,Tertiary,1195,Concrete,2012,84.96,18.48,0.99,1
SID 914111,0.0,Secondary,-264,Asphalt,2019,72.22,18.51,1.16,1
SID 478779,57.03,Tertiary,762,Concrete,2021,41.53,12.76,0.96,0
SID 170775,82.2,Primary,15747,Concrete,2020,39.35,10.67,0.84,0
SID 868958,74.23,Primary,48771,Asphalt,2023,43.2,13.8,0.62,0
SID 28405,26.08,Tertiary,2952,Asphalt,2021,80.81,17.59,1.08,1
SID 1020201,40.5,Primary,30316,Asphalt,2015,67.14,17.65,0.91,1
SID 83319,54.21,Tertiary,1403,Concrete,2017,47.61,12.51,0.84,0
SID 750130,74.63,Tertiary,2166,Concrete,2022,58.04,12.8,0.65,0
SID 774834,26.66,Tertiary,4269,Asphalt,2019,83.01,18.84,0.82,1
SID 246937,100.0,Secondary,9021,Concrete,2018,34.07,13.32,0.57,0
SID 638542,30.85,Tertiary,1677,Asphalt,2019,77.83,19.75,0.94,1
SID 869338,34.21,Secondary,13144,Concrete,2006,85.58,20.49,1.09,1
SID 371235,49.8,Primary,32590,Concrete,2018,50.09,15.04,0.97,0
SID 976216,100.0,Secondary,7864,Concrete,2021,44.57,13.44,1.02,0
SID 785311,69.64,Secondary,7370,Concrete,2021,57.36,14.27,0.92,0
SID 850722,47.06,Tertiary,2678,Asphalt,2020,77.42,19.13,0.71,1
SID 387197,100.0,Primary,34493,Concrete,2016,43.09,14.34,0.95,0
SID 794441,30.69,Primary,44244,Concrete,2011,78.59,20.72,1.04,1
SID 225750,70.98,Secondary,12066,Concrete,2025,58.32,13.53,0.7,0
SID 521204,100.0,Secondary,11150,Asphalt,2024,42.0,14.38,0.9,0
SID 280557,100.0,Tertiary,909,Concrete,2020,59.93,15.41,0.49,0
SID 859876,99.33,Tertiary,4176,Asphalt,2023,54.5,17.06,0.55,0
SID 58185,25.66,Secondary,8976,Asphalt,2021,94.37,19.31,1.06,1
SID 939548,29.81,Secondary,10941,Asphalt,2019,77.25,18.53,0.82,1
SID 575221,74.35,Primary,33576,Asphalt,2024,37.7,13.82,0.46,0
SID 677059,90.94,Tertiary,2728,Concrete,2017,55.74,15.57,0.61,0
SID 772312,39.1,Tertiary,4172,Asphalt,2019,75.51,21.29,0.76,1
SID 795336,6.53,Tertiary,2307,Asphalt,2012,84.68,20.39,0.86,1
SID 519928,83.17,Primary,21596,Concrete,2018,60.52,17.15,0.58,0
SID 927496,57.88,Secondary,4773,Concrete,2019,58.22,14.46,0.6,0
SID 806577,83.73,Tertiary,1260,Concrete,2021,57.63,15.74,0.52,0
SID 427910,54.43,Tertiary,1841,Asphalt,2019,70.13,20.03,0.96,1
SID 653781,84.5,Tertiary,3794,Concrete,2020,50.56,12.94,0.69,0
SID 888738,38.87,Tertiary,1381,Asphalt,2019,67.43,21.07,0.96,1
SID 444444,51.53,Secondary,9757,Concrete,2018,52.98,13.31,0.72,0
SID 350616,54.73,Primary,48125,Concrete,2007,86.38,19.74,0.97,1
SID 728385,12.19,Secondary,15024,Concrete,2009,92.7,21.31,0.99,1
SID 491361,87.08,Tertiary,1304,Concrete,2018,65.31,12.61,0.77,0
SID 427784,0.0,Tertiary,3042,Asphalt,2020,68.74,20.14,0.8,1
SID 1045631,36.62,Tertiary,1538,Asphalt,2020,68.76,18.5,0.64,1
SID 610579,0.0,Tertiary,2987,Asphalt,2020,66.74,16.7,0.7,1
SID 978259,89.78,Primary,36331,Concrete,2020,45.97,17.48,0.69,0
SID 282357,100.0,Primary,12467,Concrete,2021,49.62,14.7,0.9,0
SID 943735,88.46,Tertiary,2986,Concrete,2017,59.38,13.47,0.63,0
SID 945460,41.34,Secondary,8694,Concrete,2018,47.09,12.8,0.72,0
SID 597788,63.13,Tertiary,1388,Concrete,2018,53.03,13.78,0.77,0
SID 490990,30.3,Secondary,7188,Concrete,2005,88.96,21.17,0.83,1
SID 708180,47.53,Tertiary,-23,Concrete,2018,40.47,15.65,0.55,0
SID 62710,40.03,Secondary,29449,Asphalt,2018,78.84,19.16,1.26,1
SID 69983,46.51,Primary,35122,Asphalt,2020,102.31,19.27,1.28,1
SID 89972,46.03,Tertiary,2597,Concrete,2006,97.32,18.84,1.21,1
SID 388798,69.05,Tertiary,493,Concrete,2020,60.14,13.16,0.53,0
SID 783737,16.15,Secondary,16043,Asphalt,2018,84.46,19.73,1.05,1
SID 176289,0.0,Tertiary,971,Asphalt,2019,70.32,18.39,1.02,1
SID 863047,6.45,Tertiary,2777,Asphalt,2018,97.24,20.1,0.92,1
SID 67744,31.83,Secondary,-503,Asphalt,2020,92.82,19.42,1.3,1
SID 250590,48.09,Tertiary,1690,Concrete,2008,79.33,21.37,1.05,1
SID 184499,91.49,Tertiary,1063,Asphalt,2024,42.5,13.34,0.57,0
SID 813908,59.78,Secondary,11503,Asphalt,2024,61.9,12.82,0.79,0
SID 952946,57.0,Tertiary,3000,Concrete,2010,91.69,18.6,1.22,1
SID 551083,32.01,Secondary,6049,Asphalt,2020,88.84,18.04,1.17,1
SID 964846,83.2,Secondary,12194,Asphalt,2024,54.23,14.57,0.86,0
SID 642954,41.75,Secondary,16062,Asphalt,2019,67.66,17.55,1.14,1
SID 204912,66.19,Secondary,9479,Asphalt,2024,66.89,14.41,0.49,0
SID 331875,26.06,Tertiary,4150,Asphalt,2017,66.84,19.36,1.04,1
SID 90044,21.85,Tertiary,2648,Concrete,2004,83.56,18.82,1.29,1
SID 752060,27.8,Tertiary,3921,Asphalt,2014,82.85,17.42,0.92,1
SID 158452,86.42,Secondary,11162,Asphalt,2024,54.99,14.39,1.04,0
SID 651106,92.36,Secondary,5427,Concrete,2020,57.76,12.64,0.63,0
SID 522156,21.38,Tertiary,2203,Asphalt,2020,84.49,19.06,0.91,1
SID 522689,78.47,Secondary,10793,Concrete,2021,49.43,13.19,0.65,0
SID 137859,79.18,Secondary,8217,Concrete,2018,49.55,14.09,0.65,0
SID 168591,83.73,Tertiary,1575,Concrete,2023,47.26,13.02,0.58,0
SID 825545,36.35,Tertiary,2937,Asphalt,2020,94.25,17.07,1.1,1
SID 742882,27.38,Tertiary,2226,Asphalt,2017,82.22,19.09,1.0,1
SID 805349,50.18,Tertiary,1789,Asphalt,2019,79.75,19.41,0.89,1
SID 354502,94.18,Tertiary,2083,Concrete,2021,38.65,12.37,0.71,0
SID 906286,47.81,Secondary,11795,Asphalt,2018,70.35,16.43,0.88,1
SID 389227,73.14,Secondary,10670,Concrete,2019,45.6,13.5,1.11,0
SID 473846,51.25,Primary,32920,Asphalt,2011,95.02,20.02,1.32,1
SID 121408,67.6,Primary,72119,Concrete,2019,50.03,15.66,0.74,0
SID 789542,70.98,Tertiary,4794,Concrete,2021,46.78,12.65,0.6,0
SID 29469,85.87,Primary,43911,Concrete,2021,51.72,14.18,0.99,0
SID 156783,85.87,Primary,33545,Concrete,2020,35.62,14.69,0.44,0
SID 653304,24.09,Tertiary,2830,Asphalt,2016,79.54,20.68,0.9,1
SID 699137,48.08,Tertiary,3046,Concrete,2008,92.79,18.72,1.0,1
SID 237652,46.72,Secondary,8709,Concrete,2022,53.25,14.62,0.7,0
SID 132904,38.05,Primary,41344,Concrete,2007,69.74,21.68,0.46,1
SID 193634,26.54,Secondary,21448,Asphalt,2021,90.82,19.04,1.05,1
SID 12911,47.71,Primary,32658,Asphalt,2020,79.47,20.34,0.9,1
SID 127393,2.99,Tertiary,2146,Asphalt,2018,68.89,19.48,1.28,1
SID 22148,46.2,Tertiary,2946,Asphalt,2020,86.04,17.65,1.01,1
SID 764222,79.45,Secondary,5739,Concrete,2017,41.1,15.08,0.75,0
SID 643665,69.89,Tertiary,1786,Concrete,2022,52.38,13.68,0.71,0
SID 19997,58.6,Tertiary,3038,Concrete,2020,48.25,11.54,0.58,0
SID 1002582,74.13,Tertiary,2644,Concrete,2020,48.39,13.88,0.82,0
SID 84030,24.48,Tertiary,3883,Asphalt,2019,72.73,18.74,0.88,1
SID 768433,25.22,Secondary,16167,Concrete,2009,77.55,18.21,1.16,1
SID 534588,47.44,Tertiary,1239,Asphalt,2020,87.39,20.76,1.12,1
SID 482507,43.91,Primary,35926,Asphalt,2020,84.12,19.02,0.85,1
SID 780659,25.56,Secondary,16541,Asphalt,2018,72.47,21.76,0.69,1
SID 332444,44.75,Secondary,19591,Asphalt,2020,88.22,18.79,0.96,1
SID 504328,13.25,Tertiary,2510,Asphalt,2020,74.08,20.42,0.85,1
SID 933041,34.69,Tertiary,3603,Asphalt,2008,80.89,19.31,0.95,1
SID 898361,23.16,Primary,76255,Asphalt,2020,73.45,20.67,0.85,1
SID 23281,77.36,Primary,24153,Asphalt,2024,44.47,12.95,0.75,0
SID 172735,2.49,Tertiary,4392,Asphalt,2020,84.69,19.03,1.15,1
SID 600635,44.15,Secondary,9116,Asphalt,2020,71.19,19.0,1.28,1
SID 1034898,76.03,Tertiary,1350,Asphalt,2024,57.21,11.79,0.6,0
SID 341029,78.06,Primary,34364,Asphalt,2024,64.74,15.94,0.89,0
SID 997327,97.32,Tertiary,2020,Asphalt,2025,52.26,14.96,0.74,0
SID 568707,68.3,Primary,34110,Concrete,2023,33.35,11.93,1.21,0
SID 268963,76.65,Tertiary,1193,Concrete,2017,39.5,12.96,0.52,0
SID 280098,0.76,Secondary,10954,Asphalt,2019,55.62,21.11,0.73,1
SID 951909,79.66,Tertiary,3241,Concrete,2021,59.3,12.68,0.54,0
SID 1013893,36.05,Secondary,11709,Asphalt,2020,82.2,19.28,1.04,1
SID 358374,20.61,Secondary,8728,Asphalt,2021,73.96,20.83,0.89,1
SID 422303,22.48,Secondary,12742,Concrete,2008,75.3,18.02,1.14,1
SID 819281,37.45,Tertiary,1941,Asphalt,2020,86.63,18.44,0.8,1
SID 997809,87.98,Secondary,6704,Concrete,2021,50.81,13.02,0.88,0
SID 656010,42.26,Secondary,12742,Concrete,2021,52.47,14.06,0.49,0
SID 728645,82.9,Tertiary,2633,Concrete,2019,26.29,13.48,0.6,0
SID 768971,64.53,Secondary,3783,Concrete,2022,52.27,15.95,0.61,0
SID 153588,95.53,Primary,18199,Concrete,2021,46.51,13.67,0.76,0
SID 72457,40.99,Tertiary,1359,Asphalt,2020,80.8,19.29,0.86,1
SID 119534,6.27,Tertiary,1993,Concrete,2006,66.05,21.19,0.88,1
SID 21895,77.04,Tertiary,2343,Concrete,2020,45.67,14.95,1.05,0
SID 147096,67.01,Primary,29670,Asphalt,2024,46.05,15.52,0.8,0
SID 570503,86.75,Tertiary,1699,Concrete,2021,55.77,14.86,0.98,0
SID 266100,91.4,Tertiary,698,Concrete,2018,41.09,11.39,0.74,0
SID 92513,35.24,Tertiary,2051,Asphalt,2020,90.4,20.42,0.84,1
SID 977387,17.69,Tertiary,2528,Asphalt,2020,69.98,18.09,0.97,1
SID 1041870,2.03,Secondary,30167,Asphalt,2019,76.36,19.41,0.78,1
SID 253940,100.0,Tertiary,1308,Concrete,2018,49.34,14.0,0.96,0
SID 314372,88.29,Secondary,25254,Concrete,2020,63.07,15.97,0.63,0
SID 413794,75.14,Tertiary,7522,Concrete,2021,54.56,14.43,0.93,0
SID 90752,84.22,Primary,34416,Asphalt,2025,77.21,16.88,0.64,0
SID 822815,67.64,Tertiary,546,Asphalt,2021,70.19,19.46,0.64,1
SID 910645,96.69,Secondary,13433,Asphalt,2023,54.06,14.12,1.08,0
SID 440964,15.56,Tertiary,3603,Asphalt,2020,72.8,17.99,1.02,1
SID 702861,88.0,Tertiary,2726,Concrete,2019,40.75,12.02,0.68,0
SID 129467,62.23,Tertiary,2802,Concrete,2020,48.39,12.01,0.96,0
SID 952380,18.27,Tertiary,1739,Asphalt,2012,78.5,20.02,1.22,1
SID 677106,89.94,Tertiary,2161,Asphalt,2024,53.74,11.9,1.01,0
SID 973975,100.0,Tertiary,637,Concrete,2022,49.43,14.91,0.7,0
SID 650466,66.41,Tertiary,1460,Concrete,2019,43.62,13.62,0.84,0
SID 635442,4.81,Tertiary,1686,Concrete,2004,81.05,20.26,1.07,1
SID 373195,97.11,Tertiary,1532,Concrete,2018,41.95,11.65,0.68,0
SID 340329,72.23,Secondary,5917,Concrete,2018,75.97,14.36,0.75,0
SID 430059,77.51,Tertiary,556,Concrete,2022,43.37,12.19,0.48,0
SID 956100,73.02,Tertiary,3164,Concrete,2020,34.84,12.44,0.5,0
SID 633193,43.07,Secondary,7483,Asphalt,2024,52.8,14.54,0.8,0
SID 880635,32.5,Tertiary,2300,Asphalt,2015,84.62,19.52,1.09,1
SID 354548,46.78,Tertiary,5265,Asphalt,2016,77.6,19.6,1.0,1
SID 526139,43.64,Primary,12921,Concrete,2020,58.92,10.21,0.81,0
SID 217392,69.64,Primary,71342,Concrete,2021,62.79,16.09,0.91,0
SID 392463,51.9,Tertiary,2715,Asphalt,2016,87.13,17.31,0.74,1
SID 583272,60.17,Tertiary,1602,Concrete,2021,45.05,16.3,0.62,0
SID 335877,72.9,Primary,31634,Concrete,2017,58.16,16.3,1.02,0
SID 1043225,43.21,Primary,49889,Asphalt,2008,94.36,18.73,1.1,1
SID 490522,79.22,Secondary,7574,Concrete,2019,72.88,16.07,0.97,0
SID 741076,44.29,Tertiary,2348,Asphalt,2017,80.29,17.59,1.1,1
SID 711030,36.76,Primary,51735,Concrete,2009,66.19,18.66,1.01,1
SID 711177,25.22,Tertiary,1015,Concrete,2014,103.05,20.94,1.07,1
SID 40017,16.56,Tertiary,2289,Asphalt,2019,67.88,18.62,1.21,1
SID 486073,42.98,Tertiary,1535,Concrete,2006,72.9,20.52,0.77,1
SID 286914,44.29,Secondary,20637,Asphalt,2017,70.79,19.29,0.58,1
SID 244239,64.55,Secondary,21642,Concrete,2018,42.61,15.63,0.41,0
SID 468522,100.0,Secondary,10215,Concrete,2021,53.52,13.05,0.86,0
SID 545556,62.55,Primary,11229,Concrete,2022,35.11,14.3,0.74,0
SID 584841,55.85,Secondary,16796,Asphalt,2019,65.64,19.17,0.93,1
SID 357832,43.39,Secondary,24678,Concrete,2010,86.49,21.33,1.22,1
SID 369076,60.56,Primary,29565,Asphalt,2025,49.1,13.9,0.48,0
SID 284750,84.42,Secondary,7492,Concrete,2021,51.06,13.48,0.93,0
SID 838508,9.46,Tertiary,3653,Concrete,2007,66.12,19.27,1.03,1
SID 780638,72.96,Secondary,14093,Concrete,2019,66.7,16.61,0.68,0
SID 198627,37.51,Primary,11619,Concrete,2000,87.16,19.91,0.8,1
SID 994620,82.98,Primary,32483,Asphalt,2024,61.39,13.86,0.86,0
SID 367992,100.0,Tertiary,2444,Concrete,2020,45.36,13.34,0.43,0
SID 356362,81.34,Tertiary,2102,Asphalt,2024,54.74,11.38,0.69,0
SID 927551,0.0,Primary,15536,Asphalt,2018,75.77,19.25,1.11,1
SID 907923,62.3,Secondary,14955,Concrete,2019,51.11,14.76,0.85,0
SID 781368,80.32,Primary,15323,Concrete,2017,43.57,12.65,0.66,0
SID 487057,26.87,Secondary,12574,Asphalt,2019,62.18,19.07,0.74,1
SID 812922,39.12,Primary,27966,Concrete,2020,67.99,14.29,1.28,0
SID 903893,26.74,Secondary,7396,Asphalt,2019,68.73,19.99,0.86,1
SID 545618,15.48,Tertiary,1241,Asphalt,2017,88.49,20.05,0.98,1
SID 792570,12.63,Tertiary,4964,Concrete,2013,80.93,18.82,0.78,1
SID 415955,69.25,Tertiary,1046,Concrete,2020,53.07,12.33,0.46,0
SID 132334,74.86,Primary,29418,Concrete,2020,36.6,13.71,0.52,0
SID 554187,32.97,Primary,19870,Asphalt,2019,93.92,21.86,1.16,1
SID 870904,100.0,Primary,11391,Concrete,2021,42.11,12.3,0.64,0
SID 198016,90.25,Tertiary,-340,Concrete,2019,50.52,11.63,0.58,0
SID 976384,12.39,Secondary,23320,Asphalt,2020,73.14,18.66,1.21,1
SID 875595,0.0,Tertiary,3614,Asphalt,2013,75.15,17.73,0.88,1
SID 592801,30.6,Tertiary,3277,Asphalt,2020,77.1,18.51,0.61,1
SID 3731,47.32,Secondary,9902,Concrete,2019,45.76,13.69,0.88,0
SID 541001,89.95,Tertiary,3684,Asphalt,2025,46.73,13.63,0.9,0
SID 762719,56.03,Secondary,21569,Asphalt,2016,76.79,19.31,0.92,1
SID 657025,37.51,Primary,29029,Concrete,2009,79.47,19.51,0.91,1
SID 954391,100.0,Secondary,7718,Asphalt,2024,45.14,12.71,0.46,0
SID 227627,24.35,Secondary,14195,Asphalt,2018,70.25,20.26,0.95,1
SID 172433,19.12,Secondary,14974,Asphalt,2014,78.0,19.56,0.7,1
SID 13140,2.75,Secondary,13664,Concrete,2005,76.14,17.98,0.99,1
SID 635124,64.95,Primary,33242,Concrete,2019,38.56,15.29,0.92,0
SID 404098,75.09,Tertiary,2639,Concrete,2023,46.74,12.0,0.32,0
SID 108601,38.4,Secondary,10324,Asphalt,2000,74.66,19.33,0.48,1
SID 945399,100.0,Tertiary,1642,Concrete,2019,47.63,13.2,0.57,0
SID 115448,100.0,Tertiary,1527,Concrete,2020,41.52,13.35,1.06,0
SID 592936,22.57,Tertiary,3620,Concrete,2009,85.89,18.65,0.71,1
SID 221382,93.32,Secondary,7821,Concrete,2018,44.24,12.61,1.03,0
SID 984530,93.46,Tertiary,1616,Concrete,2020,55.99,14.5,0.22,0
SID 322242,89.22,Secondary,7234,Asphalt,2024,55.46,13.92,0.77,0
SID 775508,52.15,Secondary,1366,Asphalt,2024,53.09,13.26,0.51,0
SID 52181,66.76,Secondary,9691,Concrete,2020,65.92,14.21,0.71,0
SID 854314,81.04,Tertiary,815,Concrete,2023,54.3,13.55,0.79,0
SID 49684,35.96,Tertiary,3118,Asphalt,2017,63.29,19.22,0.82,1
SID 58943,35.55,Secondary,21899,Asphalt,2018,87.41,20.09,0.87,1
SID 210554,40.71,Tertiary,3782,Asphalt,2019,85.42,17.33,1.03,1
SID 254801,53.76,Tertiary,1703,Asphalt,2023,44.67,14.13,1.07,0
SID 501691,90.2,Primary,29918,Asphalt,2024,58.98,14.83,1.02,0
SID 445137,86.69,Tertiary,1686,Concrete,2021,46.08,13.18,0.82,0
SID 757873,94.26,Primary,17687,Concrete,2024,42.9,14.72,0.87,0
SID 295038,89.28,Secondary,24141,Concrete,2022,49.33,13.64,0.67,0
SID 432915,63.25,Primary,10432,Concrete,2020,47.75,11.26,0.69,0
SID 432960,20.97,Tertiary,4491,Asphalt,2019,69.95,18.39,1.13,1
SID 710547,35.09,Tertiary,1764,Asphalt,2019,68.03,19.45,1.19,1
SID 713704,69.25,Tertiary,1682,Concrete,2013,48.96,14.53,0.67,0
SID 453397,89.98,Tertiary,1037,Concrete,2020,55.56,13.19,0.79,0
SID 594013,8.1,Secondary,7000,Asphalt,2018,78.63,19.72,1.3,1
SID 90418,100.0,Tertiary,789,Asphalt,2024,34.93,11.81,0.45,0
SID 679151,37.64,Secondary,8490,Asphalt,2018,71.14,20.12,0.72,1
SID 134396,77.73,Primary,19153,Concrete,2021,32.99,12.66,0.85,0
SID 150584,93.62,Tertiary,2863,Asphalt,2024,47.59,13.64,0.58,0
SID 479275,22.94,Primary,24047,Asphalt,2019,82.95,20.31,1.02,1
SID 319602,70.44,Secondary,11755,Concrete,2020,45.55,13.93,0.83,0
SID 377173,7.15,Tertiary,4610,Asphalt,2015,74.51,18.57,0.85,1
SID 1023906,36.58,Tertiary,3641,Concrete,2006,85.59,20.04,0.87,1
SID 1013525,44.98,Tertiary,2060,Asphalt,2019,70.01,18.85,0.77,1
SID 97487,40.76,Tertiary,4193,Concrete,2008,79.36,19.38,0.92,1
SID 360316,96.09,Tertiary,1680,Concrete,2017,38.01,14.64,0.88,0
SID 769398,37.63,Secondary,18426,Asphalt,2020,91.2,20.23,1.41,1
SID 985840,35.83,Secondary,6700,Asphalt,2008,91.4,18.97,0.51,1
SID 729321,75.73,Tertiary,883,Concrete,2020,61.94,13.68,0.6,0
SID 289100,31.74,Tertiary,1735,Asphalt,2020,70.48,20.23,0.82,1
SID 704633,74.17,Tertiary,2142,Concrete,2019,53.51,14.22,0.6,0
SID 443944,9.78,Tertiary,2942,Asphalt,2020,74.22,20.08,0.99,1
SID 1042859,50.19,Tertiary,2556,Concrete,2019,55.69,14.57,0.42,0
SID 222621,3.77,Tertiary,3047,Asphalt,2020,86.82,19.41,1.03,1
SID 37157,60.1,Primary,28934,Concrete,2018,43.66,14.06,0.56,0
SID 578963,72.44,Primary,23556,Asphalt,2024,42.95,13.87,0.65,0
SID 34161,79.5,Primary,12140,Concrete,2019,54.8,14.54,0.95,0
SID 784576,81.08,Tertiary,1363,Asphalt,2024,52.67,15.26,1.05,0
SID 163528,36.04,Tertiary,1785,Asphalt,2018,83.88,20.78,1.02,1
SID 24270,35.26,Primary,38770,Concrete,2010,72.5,19.48,1.1,1
SID 435484,70.16,Secondary,13218,Concrete,2019,44.32,12.09,0.59,0
SID 781511,34.5,Secondary,126,Asphalt,2020,92.74,18.86,0.69,1
SID 431417,41.72,Primary,58965,Asphalt,2016,95.78,18.71,0.96,1
SID 681536,46.7,Primary,19071,Asphalt,2018,64.28,19.64,1.08,1
SID 1044318,80.42,Primary,29756,Asphalt,2024,36.75,14.47,0.91,0
SID 1491,4.91,Tertiary,3488,Asphalt,2021,64.3,18.06,0.93,1
SID 374435,81.1,Secondary,5372,Concrete,2021,47.4,12.71,0.55,0
SID 609007,74.56,Secondary,5551,Concrete,2019,46.41,12.97,0.66,0
SID 66116,61.8,Secondary,9380,Concrete,2020,34.24,13.39,0.33,0
SID 531692,41.22,Secondary,15268,Asphalt,2019,84.8,18.56,0.71,1
SID 291621,38.99,Tertiary,4493,Asphalt,2019,77.36,20.03,0.74,1
SID 987501,75.0,Secondary,8747,Concrete,2020,41.59,12.34,0.61,0
SID 120805,92.06,Tertiary,2285,Concrete,2022,81.05,14.78,0.45,0
SID 581754,20.15,Primary,35331,Concrete,2013,86.58,18.08,0.93,1
SID 977760,11.68,Tertiary,1679,Concrete,2009,76.58,19.57,0.73,1
SID 494028,26.4,Primary,38127,Asphalt,2019,100.04,21.75,1.08,1
SID 761923,96.62,Tertiary,321,Asphalt,2024,66.3,16.26,0.68,0
SID 53719,65.36,Tertiary,5944,Asphalt,2018,88.73,19.17,1.03,1
SID 296918,81.06,Tertiary,1540,Concrete,2018,36.6,10.8,0.62,0
SID 441948,40.71,Secondary,9564,Asphalt,2014,79.6,18.35,1.2,1
SID 779631,21.91,Primary,32006,Asphalt,2017,81.07,19.55,1.32,1
SID 862613,88.68,Tertiary,1274,Asphalt,2024,63.62,16.05,0.53,0
SID 273143,55.2,Primary,16123,Concrete,2020,49.87,14.2,0.84,0
SID 188750,100.0,Tertiary,2335,Concrete,2019,49.3,10.13,0.62,0
SID 17018,37.78,Primary,29951,Concrete,2009,65.65,19.51,0.89,1
SID 1025152,42.13,Primary,55410,Asphalt,2013,75.32,19.57,0.71,1
SID 718223,42.61,Tertiary,2691,Concrete,2008,92.78,17.62,0.73,1
SID 992379,82.55,Primary,23324,Concrete,2025,51.47,15.31,0.84,0
SID 359918,13.14,Tertiary,9127,Concrete,2011,79.54,18.3,0.99,1
SID 841687,99.81,Tertiary,1563,Concrete,2019,40.32,13.69,0.62,0
SID 389874,88.17,Primary,14020,Asphalt,2024,40.19,13.09,0.95,0
SID 543510,100.0,Tertiary,1055,Concrete,2023,54.81,14.58,0.84,0
SID 57788,30.03,Tertiary,3863,Asphalt,2018,79.31,18.28,0.88,1
SID 679678,67.53,Secondary,11414,Concrete,2018,51.21,14.47,0.41,0
SID 123539,92.46,Secondary,5229,Concrete,2018,69.55,13.47,0.66,0
SID 961989,35.34,Secondary,18625,Asphalt,2019,76.67,19.76,1.27,1
SID 431031,89.82,Primary,45881,Asphalt,2025,33.62,15.68,1.07,0
SID 264980,72.77,Secondary,10523,Asphalt,2020,86.84,19.32,1.0,1
SID 1004094,50.07,Secondary,21851,Asphalt,2019,68.85,18.28,0.98,1
SID 318283,93.49,Tertiary,1797,Concrete,2018,41.54,13.06,0.83,0
SID 621082,82.6,Primary,28965,Asphalt,2024,44.21,15.87,0.65,0
SID 917488,86.93,Tertiary,2210,Concrete,2017,43.13,11.45,0.44,0
SID 1030972,75.9,Primary,43133,Concrete,2022,44.02,15.47,1.04,0
SID 100633,47.07,Secondary,10805,Concrete,2015,41.73,11.84,1.03,0
SID 117960,16.26,Tertiary,726,Asphalt,2020,75.64,22.02,0.85,1
SID 409024,33.92,Tertiary,4503,Asphalt,2010,89.73,18.92,0.82,1
SID 721207,30.56,Tertiary,2652,Asphalt,2020,70.47,19.38,0.93,1
SID 3620,84.13,Secondary,9231,Concrete,2018,47.45,14.87,0.6,0
SID 987585,36.41,Primary,16655,Asphalt,2014,79.89,20.19,1.19,1
SID 281066,88.77,Secondary,12880,Concrete,2023,35.24,12.84,0.74,0
SID 783108,11.13,Tertiary,1568,Asphalt,2015,89.04,18.73,1.03,1
SID 446171,58.27,Tertiary,1280,Concrete,2018,51.12,12.91,0.33,0
SID 44668,62.1,Primary,40678,Concrete,2023,42.77,14.7,0.65,0
SID 84504,78.26,Tertiary,1956,Asphalt,2024,42.79,14.47,0.93,0
SID 206155,31.69,Secondary,12017,Asphalt,2017,78.45,19.82,0.9,1
SID 374002,97.2,Tertiary,1948,Concrete,2024,63.95,13.74,0.72,0
SID 788810,100.0,Primary,31406,Concrete,2019,34.18,12.02,0.85,0
SID 96307,66.4,Tertiary,1839,Concrete,2022,47.81,13.84,0.58,0
SID 68178,85.92,Tertiary,2515,Concrete,2019,33.0,11.67,0.63,0
SID 126723,43.55,Tertiary,3660,Asphalt,2019,68.29,17.47,0.96,1
SID 681485,37.72,Tertiary,1776,Asphalt,2012,82.74,20.93,1.17,1
SID 489952,96.61,Primary,29271,Concrete,2020,45.04,15.88,0.91,0
SID 126015,25.39,Tertiary,3239,Concrete,2012,84.47,19.12,0.65,1
SID 789744,78.29,Secondary,9792,Concrete,2013,54.16,13.02,0.93,0
SID 59113,79.68,Primary,31392,Concrete,2019,90.3,15.29,0.7,0
SID 982210,87.83,Secondary,9749,Concrete,2022,44.59,13.74,0.98,0
SID 518056,79.05,Secondary,260,Concrete,2018,62.84,16.02,0.72,0
SID 317025,26.66,Tertiary,6084,Asphalt,2015,82.6,18.47,1.11,1
SID 764545,62.66,Tertiary,1250,Asphalt,2025,37.62,11.52,0.62,0
SID 806764,90.93,Tertiary,1090,Concrete,2020,55.99,14.01,0.63,0
SID 33776,67.36,Tertiary,2079,Concrete,2019,53.44,15.41,0.65,0
SID 82857,69.42,Tertiary,1527,Concrete,2025,46.68,13.81,0.62,0
SID 733240,7.6,Tertiary,3644,Asphalt,2018,85.58,19.22,0.77,1
SID 591199,23.74,Tertiary,3276,Asphalt,2016,85.41,16.93,1.04,1
SID 313677,63.46,Secondary,14773,Asphalt,2020,83.8,17.82,1.1,1
SID 781637,33.61,Tertiary,5809,Asphalt,2020,90.9,20.0,0.78,1
SID 761959,85.17,Tertiary,2382,Concrete,2021,36.06,12.9,0.86,0
SID 48268,81.09,Tertiary,3409,Concrete,2018,49.73,15.38,0.78,0
SID 784539,56.23,Secondary,4459,Concrete,2021,48.46,13.38,0.81,0
SID 866982,100.0,Tertiary,959,Asphalt,2024,74.35,15.39,0.35,0
SID 363328,100.0,Secondary,9375,Concrete,2015,46.79,14.45,0.59,0
SID 365822,20.3,Secondary,6608,Asphalt,2016,70.35,17.51,0.72,1
SID 759534,24.18,Tertiary,3421,Asphalt,2017,86.64,19.38,0.9,1
SID 20905,61.72,Secondary,3133,Asphalt,2024,45.78,15.75,0.43,0
SID 31607,57.53,Tertiary,892,Asphalt,2019,68.87,18.08,1.02,1
SID 27314,100.0,Tertiary,2018,Concrete,2019,49.75,15.1,0.55,0
SID 1036289,79.69,Tertiary,2078,Concrete,2016,49.42,15.67,1.12,0
SID 62153,62.81,Tertiary,1968,Concrete,2020,53.93,14.83,0.62,0
SID 110647,33.05,Secondary,6245,Asphalt,2020,86.46,19.43,0.72,1
SID 407502,9.89,Tertiary,1358,Asphalt,2012,97.13,18.67,1.21,1
SID 837635,78.02,Secondary,13008,Concrete,2020,62.49,14.74,1.11,0
SID 696930,87.96,Tertiary,3598,Asphalt,2024,53.89,15.08,0.6,0
SID 977232,72.25,Tertiary,2449,Concrete,2020,43.05,13.14,0.77,0
SID 289198,62.37,Primary,13776,Asphalt,2024,44.1,15.34,0.57,0
SID 706362,57.24,Tertiary,3325,Concrete,2012,93.07,18.29,1.11,1
SID 908709,33.03,Secondary,16872,Asphalt,2004,79.49,20.16,0.9,1
SID 672002,83.54,Tertiary,1746,Concrete,2021,46.84,12.51,0.35,0
SID 87844,37.5,Secondary,25247,Concrete,2008,86.32,17.87,0.92,1
SID 813899,90.27,Tertiary,6020,Concrete,2020,52.75,12.95,1.21,0
SID 814419,89.38,Secondary,3711,Asphalt,2025,52.84,13.52,0.86,0
SID 813022,71.17,Primary,15573,Asphalt,2024,30.96,12.4,0.79,0
SID 310453,22.87,Tertiary,1836,Asphalt,2018,89.61,19.66,0.89,1
SID 960995,25.95,Secondary,16762,Asphalt,2019,63.45,19.01,0.86,1
SID 538774,83.92,Tertiary,1404,Concrete,2018,32.29,15.65,0.67,0
SID 702904,86.58,Secondary,8393,Concrete,2018,61.43,16.15,0.76,0
SID 596834,4.84,Tertiary,2698,Concrete,2011,70.45,18.74,0.93,1
SID 890929,23.84,Secondary,21559,Concrete,2007,70.34,18.69,1.28,1
SID 24376,24.7,Secondary,7505,Asphalt,2020,83.35,18.4,1.11,1
SID 362600,100.0,Secondary,14450,Concrete,2022,42.42,14.28,0.53,0
SID 139881,83.64,Secondary,4374,Asphalt,2024,66.75,13.2,0.91,0
SID 805564,56.84,Primary,32547,Concrete,2021,41.93,13.21,1.0,0
SID 757316,9.53,Tertiary,1143,Concrete,2006,80.95,19.53,0.65,1
SID 360235,35.25,Tertiary,3237,Asphalt,2020,80.34,20.11,0.92,1
SID 480588,38.77,Tertiary,1922,Asphalt,2021,84.56,20.47,0.89,1
SID 1034386,17.57,Primary,18600,Asphalt,2019,73.63,18.14,0.96,1
SID 944773,94.68,Secondary,-163,Concrete,2016,57.52,16.34,0.35,0
SID 228764,40.14,Tertiary,4207,Asphalt,2019,91.66,18.98,0.86,1
SID 519552,36.25,Primary,34412,Asphalt,2020,86.39,19.94,1.07,1
SID 597295,36.24,Secondary,18422,Asphalt,2020,73.96,18.53,1.05,1
SID 430618,72.8,Tertiary,3100,Concrete,2016,45.86,15.1,0.55,0
SID 791991,79.87,Primary,26807,Concrete,2020,43.91,16.78,1.15,0
SID 646541,23.28,Secondary,23339,Asphalt,2014,83.69,18.69,1.0,1
SID 149822,48.57,Tertiary,3616,Asphalt,2018,61.84,16.78,0.89,1
SID 449578,72.16,Primary,62754,Concrete,2025,61.41,16.31,1.23,0
SID 267731,51.88,Tertiary,2430,Asphalt,2017,63.9,18.07,0.91,1
SID 708586,25.61,Tertiary,2533,Asphalt,2020,81.85,18.59,1.31,1
SID 529591,84.28,Secondary,16564,Concrete,2018,50.73,15.25,0.91,0
SID 423280,48.7,Tertiary,3219,Asphalt,2020,82.46,18.59,1.11,1
SID 151893,75.12,Secondary,7148,Concrete,2018,52.87,14.24,0.93,0
SID 257135,49.28,Secondary,18428,Concrete,2009,81.53,18.56,0.64,1
SID 484795,90.85,Tertiary,2197,Concrete,2020,36.44,13.67,0.72,0
SID 691342,0.0,Tertiary,925,Asphalt,2020,58.08,18.9,1.19,1
SID 231525,52.21,Secondary,3246,Asphalt,2018,80.13,19.21,0.95,1
SID 319214,13.3,Primary,20605,Asphalt,2020,67.57,18.92,0.88,1
SID 196090,29.27,Primary,54166,Asphalt,2013,70.48,19.72,1.14,1
SID 531620,76.88,Tertiary,1980,Concrete,2019,37.78,12.73,0.48,0
SID 942264,83.97,Tertiary,2897,Concrete,2019,40.4,12.02,0.95,0
SID 937775,7.79,Secondary,18205,Asphalt,2020,74.64,19.36,1.16,1
SID 17537,85.49,Secondary,3439,Concrete,2018,39.37,15.32,0.74,0
SID 759508,100.0,Secondary,8803,Concrete,2020,45.59,15.51,1.14,0
SID 272190,69.98,Secondary,7994,Asphalt,2024,67.57,15.95,0.86,0
SID 854156,10.88,Primary,36714,Asphalt,2020,86.28,20.1,1.15,1
SID 412848,37.92,Tertiary,4720,Concrete,2008,78.44,18.45,1.5,1
SID 68985,0.0,Secondary,20766,Asphalt,2021,82.4,21.1,1.03,1
SID 539514,79.33,Primary,17248,Concrete,2022,51.92,13.06,1.02,0
SID 795082,6.99,Secondary,10706,Asphalt,2018,84.74,17.91,1.07,1
SID 1014290,84.63,Tertiary,4417,Asphalt,2024,46.97,12.74,0.72,0
SID 815166,13.18,Secondary,16324,Asphalt,2019,82.25,18.64,1.0,1
SID 440553,12.52,Secondary,7080,Asphalt,2020,104.1,19.39,0.9,1
SID 904579,48.97,Secondary,6917,Asphalt,2018,93.55,19.95,1.07,1
SID 727900,0.0,Tertiary,1790,Asphalt,2016,91.92,19.5,1.0,1
SID 112832,45.01,Tertiary,3355,Asphalt,2019,77.37,18.2,1.16,1
SID 967003,4.61,Tertiary,5668,Concrete,2005,83.54,19.49,0.36,1
SID 209887,46.68,Tertiary,2287,Asphalt,2014,87.01,19.99,1.47,1
SID 591508,43.16,Secondary,9898,Asphalt,2018,100.78,20.01,1.17,1
SID 459687,35.77,Tertiary,1403,Asphalt,2019,56.73,21.05,0.94,1
SID 1019816,100.0,Tertiary,702,Concrete,2024,50.61,13.38,0.98,0
SID 716741,100.0,Primary,39183,Concrete,2018,43.88,18.1,0.88,0
SID 1048856,21.83,Secondary,11726,Asphalt,2018,67.3,17.46,0.82,1
SID 486714,29.23,Secondary,15686,Concrete,2005,74.77,18.89,0.98,1
SID 814830,66.36,Tertiary,2533,Concrete,2021,70.42,17.47,0.77,0
SID 150157,50.79,Tertiary,3124,Asphalt,2016,80.51,18.58,0.94,1
SID 422736,100.0,Primary,43738,Concrete,2022,58.5,14.26,0.46,0
SID 173454,27.4,Secondary,14945,Asphalt,2019,83.02,19.17,0.99,1
SID 767089,56.92,Primary,15232,Asphalt,2020,93.41,19.41,0.98,1
SID 188066,83.54,Tertiary,2946,Concrete,2020,36.23,12.57,0.59,0
SID 614523,26.82,Primary,24607,Asphalt,2019,62.59,19.32,0.91,1
SID 93043,64.72,Tertiary,2567,Concrete,2020,33.5,13.42,1.07,0
SID 900088,67.04,Secondary,18132,Concrete,2019,60.21,14.72,1.18,0
SID 31177,97.03,Tertiary,2278,Concrete,2021,58.73,15.65,0.61,0
SID 203021,17.53,Secondary,13997,Asphalt,2017,81.86,20.89,1.12,1
SID 836252,40.57,Secondary,14846,Asphalt,2019,71.37,19.27,1.02,1
SID 575483,53.16,Tertiary,1804,Concrete,2008,75.23,17.88,0.6,1
SID 120568,63.44,Tertiary,2503,Concrete,2011,81.44,19.07,0.77,1
SID 641001,63.55,Secondary,19163,Asphalt,2024,48.25,13.31,0.46,0
SID 565445,83.66,Secondary,9690,Asphalt,2024,42.54,12.95,0.89,0
SID 695916,22.85,Secondary,12276,Asphalt,2020,88.89,18.51,1.1,1
SID 734958,84.4,Primary,25096,Asphalt,2024,56.21,14.74,0.79,0
SID 123033,100.0,Primary,14855,Concrete,2019,55.26,12.48,0.71,0
SID 47312,88.96,Secondary,8166,Concrete,2019,56.53,13.97,0.73,0
SID 772461,84.84,Secondary,6669,Concrete,2021,43.93,13.21,0.34,0
SID 580710,96.16,Tertiary,1890,Concrete,2020,67.27,15.12,0.81,0
SID 703719,21.01,Tertiary,2068,Asphalt,2014,88.52,17.53,0.89,1
SID 170608,97.07,Secondary,12897,Concrete,2019,62.73,15.67,0.78,0
SID 542921,100.0,Primary,14826,Asphalt,2024,50.42,15.84,0.78,0
SID 464708,38.82,Primary,72132,Asphalt,2019,74.33,19.36,1.03,1
SID 653900,64.62,Primary,24341,Concrete,2018,53.58,16.83,0.91,0
SID 767176,23.81,Secondary,6804,Concrete,2007,78.3,18.82,1.17,1
SID 768294,30.19,Tertiary,3896,Asphalt,2021,79.54,19.57,0.97,1
SID 693897,70.84,Primary,23575,Concrete,2021,57.95,14.63,0.68,0
SID 204625,39.22,Primary,35775,Asphalt,2011,69.89,20.46,1.03,1
SID 483696,17.52,Primary,24936,Asphalt,2019,79.61,20.78,0.95,1
SID 652213,98.16,Secondary,14040,Concrete,2021,51.63,14.13,0.7,0
SID 61746,23.51,Secondary,14736,Concrete,2010,87.65,21.37,1.09,1
SID 283701,43.54,Secondary,10157,Concrete,2010,72.63,18.57,1.16,1
SID 175435,25.09,Tertiary,6675,Asphalt,2017,64.94,19.05,0.79,1
SID 688939,76.48,Primary,37878,Concrete,2022,47.55,14.93,0.63,0
SID 553155,28.79,Secondary,7197,Concrete,2011,61.71,18.68,0.97,1
SID 304557,64.94,Tertiary,2760,Concrete,2019,45.06,13.87,0.85,0
SID 137357,98.25,Tertiary,1278,Concrete,2020,48.24,14.79,0.67,0
SID 641377,37.17,Secondary,17912,Asphalt,2016,75.05,20.58,0.81,1
SID 159675,79.7,Secondary,8714,Concrete,2017,38.9,12.99,0.87,0
SID 672631,100.0,Tertiary,1823,Asphalt,2023,39.85,13.27,0.56,0
SID 1023312,33.11,Tertiary,3636,Asphalt,2009,74.52,18.72,1.28,1
SID 430202,65.54,Tertiary,2689,Concrete,2010,98.67,18.56,0.78,1
SID 950271,40.8,Secondary,7771,Asphalt,2015,70.93,20.92,1.31,1
SID 185982,50.47,Secondary,20982,Concrete,2001,70.97,19.83,1.06,1
SID 594820,14.71,Secondary,27189,Asphalt,2012,96.82,18.98,0.98,1
SID 934954,11.93,Tertiary,1913,Asphalt,2020,77.01,18.74,1.17,1
SID 683598,96.23,Primary,24916,Concrete,2020,35.41,15.81,0.83,0
SID 890553,19.01,Tertiary,2187,Asphalt,2020,93.77,18.15,0.79,1
SID 592358,22.06,Secondary,4545,Concrete,2009,91.11,19.92,0.98,1
SID 628612,70.75,Secondary,14997,Concrete,2015,54.61,11.83,0.71,0
SID 191115,54.0,Secondary,7999,Asphalt,2024,46.2,13.92,0.77,0
SID 770803,21.7,Primary,34823,Asphalt,2017,80.5,22.06,0.78,1
SID 771011,10.33,Tertiary,2607,Asphalt,2019,71.8,17.0,0.86,1
SID 845026,23.07,Tertiary,1980,Asphalt,2019,68.97,18.17,0.93,1
SID 942972,67.73,Primary,18516,Concrete,2017,42.29,14.53,0.97,0
SID 707230,62.77,Tertiary,4877,Asphalt,2019,84.49,18.63,1.05,1
SID 637048,59.24,Tertiary,2129,Asphalt,2020,88.4,18.35,0.9,1
SID 785422,84.73,Primary,25192,Concrete,2019,51.33,13.54,0.7,0
SID 785898,39.07,Tertiary,1377,Asphalt,2020,85.92,19.43,1.27,1
SID 568578,63.88,Tertiary,1587,Concrete,2013,70.17,17.96,0.95,1
SID 950448,69.57,Secondary,14470,Concrete,2026,64.69,14.19,0.5,0
SID 685876,100.0,Tertiary,2472,Asphalt,2024,42.86,13.28,0.29,0
SID 4902,100.0,Tertiary,1696,Concrete,2017,46.93,13.35,0.6,0
SID 209927,12.9,Tertiary,2903,Asphalt,2014,86.0,19.97,0.87,1
SID 377413,73.95,Secondary,4334,Concrete,2023,35.41,14.59,0.57,0
SID 297947,99.07,Primary,42249,Concrete,2020,42.74,18.31,0.41,0
SID 674115,38.48,Secondary,3456,Asphalt,2019,67.14,17.91,1.02,1
SID 698027,66.18,Tertiary,1588,Concrete,2020,40.69,12.52,0.51,0
SID 529409,35.71,Tertiary,4194,Asphalt,2019,73.27,19.59,1.19,1
SID 930403,47.04,Primary,58612,Asphalt,2017,92.52,20.01,1.29,1
SID 907727,98.85,Secondary,5167,Concrete,2022,52.07,14.02,1.08,0
SID 152982,73.81,Tertiary,1704,Concrete,2017,45.74,12.68,0.57,0
SID 410486,49.0,Tertiary,1653,Asphalt,2020,83.87,18.7,0.87,1
SID 836655,36.68,Tertiary,1985,Asphalt,2013,92.23,20.31,1.09,1
SID 209953,60.46,Tertiary,-403,Asphalt,2019,78.74,20.24,0.9,1
SID 523867,29.7,Secondary,15926,Asphalt,2019,82.48,18.11,0.8,1
SID 639628,34.24,Secondary,7061,Asphalt,2020,89.51,21.26,1.11,1
SID 228108,45.53,Secondary,12325,Asphalt,2020,73.17,19.6,1.2,1
SID 483553,53.5,Tertiary,41,Asphalt,2024,44.23,15.3,1.01,0
SID 205469,97.62,Primary,5471,Concrete,2018,37.62,11.48,0.63,0
SID 831739,9.7,Primary,60650,Asphalt,2018,90.89,19.57,0.81,1
SID 499681,85.79,Secondary,11574,Concrete,2016,47.57,14.89,0.69,0
SID 379760,21.95,Secondary,3651,Asphalt,2019,90.58,19.8,1.04,1
SID 774204,93.14,Tertiary,773,Asphalt,2024,43.48,12.02,0.61,0
SID 274679,20.24,Tertiary,1859,Concrete,2010,81.43,20.04,0.76,1
SID 718982,13.73,Tertiary,2287,Concrete,2006,86.54,20.69,0.97,1
SID 902839,35.79,Secondary,19478,Concrete,2008,73.17,17.21,1.18,1
SID 779700,65.71,Secondary,9981,Concrete,2017,63.55,15.06,0.9,0
SID 605845,45.89,Primary,17533,Asphalt,2013,71.92,18.43,0.83,1
SID 920701,76.39,Primary,22425,Concrete,2017,40.36,16.97,0.5,0
SID 999384,99.61,Tertiary,997,Asphalt,2024,66.57,15.58,0.76,0
SID 442037,60.06,Tertiary,5343,Concrete,2024,46.61,13.43,0.71,0
SID 531272,81.16,Primary,8494,Concrete,2020,44.93,11.73,0.68,0
SID 719837,76.44,Secondary,7748,Asphalt,2024,53.93,17.95,0.74,0
SID 488476,100.0,Primary,26647,Asphalt,2024,53.42,14.92,0.69,0
SID 183012,49.01,Secondary,13777,Asphalt,2020,85.59,19.36,0.96,1
SID 60521,67.84,Secondary,9834,Concrete,2019,39.45,13.62,0.56,0
SID 980089,93.35,Tertiary,1440,Concrete,2019,26.51,12.16,0.43,0
SID 436570,73.52,Primary,9032,Asphalt,2024,72.54,15.73,0.82,0
SID 934804,100.0,Primary,39691,Concrete,2016,51.75,15.28,0.77,0
SID 159851,41.04,Tertiary,2792,Asphalt,2017,83.87,18.86,1.03,1
SID 221995,17.05,Secondary,17455,Asphalt,2017,81.46,20.44,0.85,1
SID 348400,73.66,Tertiary,4020,Asphalt,2024,55.73,13.63,0.82,0
SID 805046,100.0,Primary,18887,Concrete,2020,37.68,14.23,0.99,0
SID 526557,51.95,Tertiary,3827,Asphalt,2019,86.43,19.6,1.16,1
SID 213402,87.62,Secondary,17333,Concrete,2020,34.35,14.48,0.67,0
SID 703332,61.44,Secondary,6722,Concrete,2019,61.83,15.33,0.73,0
SID 795458,12.67,Primary,32762,Concrete,2009,79.6,20.99,0.87,1
SID 259802,32.47,Tertiary,1866,Asphalt,2018,91.92,18.66,0.92,1
SID 1021063,24.23,Tertiary,1799,Asphalt,2009,72.81,19.77,0.95,1
SID 448885,53.57,Secondary,11083,Concrete,2019,40.31,14.85,0.67,0
SID 168775,16.0,Tertiary,1524,Asphalt,2019,64.81,17.45,0.93,1
SID 702323,31.72,Tertiary,5054,Asphalt,2017,72.0,19.1,0.73,1
SID 155807,0.0,Primary,32462,Concrete,2007,66.6,19.15,1.02,1
SID 475254,80.24,Secondary,3537,Concrete,2022,43.4,11.4,0.55,0
SID 356638,58.61,Tertiary,929,Concrete,2019,43.11,13.94,0.54,0
SID 101357,96.65,Tertiary,18,Concrete,2019,48.58,16.5,0.66,0
SID 84241,45.45,Tertiary,2210,Asphalt,2018,84.11,20.54,1.12,1
SID 491600,23.74,Tertiary,6554,Asphalt,2019,88.15,17.75,0.93,1
SID 170251,72.26,Primary,21834,Asphalt,2018,85.03,19.63,0.83,1
SID 314015,8.63,Secondary,3261,Asphalt,2017,61.13,20.23,0.95,1
SID 65272,31.97,Tertiary,1954,Asphalt,2019,59.75,19.05,0.93,1
SID 482233,12.19,Tertiary,2698,Asphalt,2020,75.31,17.7,1.14,1
SID 479826,19.85,Tertiary,3855,Concrete,2008,73.39,18.9,0.99,1
SID 178772,55.55,Secondary,4685,Concrete,2007,74.31,18.8,0.87,1
SID 838033,100.0,Secondary,13998,Concrete,2017,54.2,15.23,0.86,0
SID 739136,63.56,Primary,28175,Concrete,2023,58.51,15.4,1.06,0
SID 27872,16.41,Tertiary,3655,Asphalt,2008,73.48,19.21,0.95,1
SID 224537,11.71,Primary,22800,Asphalt,2020,70.34,19.03,1.43,1
SID 49932,100.0,Primary,5517,Concrete,2018,42.73,14.87,0.51,0
SID 925181,26.74,Secondary,17053,Asphalt,2016,69.23,17.24,0.88,1
SID 246789,40.64,Tertiary,2787,Asphalt,2019,68.4,19.64,0.99,1
SID 711783,100.0,Tertiary,1833,Asphalt,2024,33.07,14.93,0.73,0
SID 503613,30.13,Primary,59552,Concrete,2008,68.3,18.38,1.17,1
SID 187014,36.78,Tertiary,3399,Asphalt,2020,78.82,19.56,0.86,1
SID 99868,76.2,Tertiary,971,Asphalt,2024,59.26,14.88,0.79,0
SID 1000905,57.07,Tertiary,165,Concrete,2017,37.0,13.45,0.73,0
SID 39832,32.28,Tertiary,1813,Asphalt,2019,62.71,21.01,1.27,1
SID 121152,96.03,Tertiary,1203,Asphalt,2025,35.78,11.88,0.69,0
SID 843639,38.0,Tertiary,3173,Concrete,2005,74.77,19.3,0.88,1
SID 856592,82.44,Secondary,8286,Concrete,2022,69.06,14.48,0.95,0
SID 382253,47.94,Tertiary,2937,Concrete,2000,90.17,19.34,1.07,1
SID 460147,93.5,Secondary,5443,Asphalt,2024,47.39,14.1,0.86,0
SID 470906,7.19,Tertiary,2344,Asphalt,2016,63.97,19.12,1.16,1
SID 222708,88.2,Secondary,17394,Concrete,2018,54.92,17.31,0.8,0
SID 944964,22.15,Tertiary,905,Asphalt,2015,100.26,19.58,0.64,1
SID 662406,15.46,Primary,28564,Asphalt,2014,77.37,20.53,0.81,1
SID 380194,32.68,Tertiary,3064,Concrete,2010,101.33,19.94,0.92,1
SID 671723,61.98,Tertiary,1812,Concrete,2023,42.25,12.73,0.75,0
SID 413328,35.84,Tertiary,4052,Asphalt,2018,90.72,20.59,0.74,1
SID 700715,31.33,Secondary,13771,Asphalt,2019,78.6,21.42,1.09,1
SID 528838,82.7,Primary,14593,Asphalt,2024,49.18,13.52,1.08,0
SID 826248,16.91,Secondary,4484,Asphalt,2020,88.0,18.89,1.08,1
SID 883859,100.0,Secondary,11274,Concrete,2018,42.33,14.4,0.91,0
SID 400031,56.27,Tertiary,1523,Concrete,2021,62.97,15.89,0.43,0
SID 1014134,73.31,Secondary,22422,Concrete,2018,67.62,15.44,1.0,0
SID 51230,89.43,Secondary,5309,Concrete,2018,40.32,13.12,0.77,0
SID 207846,51.59,Secondary,15799,Concrete,2006,88.75,19.59,0.77,1
SID 341448,37.51,Tertiary,845,Asphalt,2020,81.58,17.94,1.19,1
SID 322597,41.13,Tertiary,2843,Concrete,2006,81.4,19.71,1.06,1
SID 118910,23.37,Tertiary,4496,Asphalt,2020,80.14,18.85,0.85,1
SID 321105,31.26,Tertiary,3637,Asphalt,2020,81.49,20.6,0.94,1
SID 913039,77.69,Tertiary,370,Concrete,2016,46.12,13.1,0.41,0
SID 168398,19.97,Tertiary,2274,Concrete,2008,58.02,19.5,1.11,1
SID 1034364,83.94,Tertiary,2902,Concrete,2018,41.32,16.69,0.59,0
SID 553929,84.81,Primary,18748,Concrete,2019,38.31,13.14,0.83,0
SID 824947,2.47,Tertiary,3794,Asphalt,2017,78.3,17.41,1.78,1
SID 800987,91.42,Primary,31765,Asphalt,2025,44.96,16.26,0.72,0
SID 752731,42.79,Tertiary,1562,Asphalt,2013,80.81,18.75,1.1,1
SID 95607,27.42,Tertiary,2482,Concrete,2004,78.91,18.44,0.92,1
SID 109382,48.44,Tertiary,4948,Asphalt,2016,79.78,18.27,1.25,1
SID 555607,72.99,Secondary,13935,Asphalt,2024,43.57,13.0,0.7,0
SID 868262,100.0,Primary,52993,Concrete,2021,60.36,15.76,0.81,0
SID 1010576,18.22,Primary,4230,Asphalt,2019,60.44,17.8,1.44,1
SID 673481,80.2,Tertiary,943,Asphalt,2024,58.21,15.85,1.03,0
SID 313515,100.0,Tertiary,2770,Concrete,2018,40.54,11.34,0.4,0
SID 829472,53.23,Tertiary,2300,Concrete,2021,35.15,13.19,0.98,0
SID 290937,87.4,Primary,37625,Asphalt,2023,38.1,15.73,0.74,0
SID 506410,74.67,Secondary,8174,Asphalt,2023,60.26,13.95,0.56,0
SID 226793,76.99,Primary,19776,Concrete,2022,55.24,14.87,0.69,0
SID 824176,77.89,Secondary,9656,Concrete,2022,59.88,13.45,0.91,0
SID 553943,36.97,Secondary,1245,Asphalt,2021,86.18,20.49,0.84,1
SID 516343,83.15,Tertiary,2355,Concrete,2019,33.33,13.76,0.65,0
SID 223061,92.66,Primary,37946,Concrete,2020,41.18,16.97,1.13,0
SID 592679,70.16,Tertiary,3487,Asphalt,2017,69.9,18.54,0.78,1
SID 292798,71.87,Tertiary,1602,Concrete,2020,45.91,11.74,0.72,0
SID 397846,76.81,Secondary,5584,Concrete,2019,44.11,11.11,1.06,0
SID 933260,0.0,Tertiary,339,Asphalt,2019,74.61,18.37,1.2,1
SID 918245,95.44,Secondary,5553,Concrete,2023,38.29,14.56,0.55,0
SID 110511,37.85,Tertiary,3408,Asphalt,2010,72.54,20.72,1.28,1
SID 1025502,90.02,Tertiary,2430,Asphalt,2023,59.77,14.7,0.5,0
SID 1048906,53.7,Secondary,11415,Asphalt,2019,70.85,19.17,0.79,1
SID 321040,72.25,Tertiary,2447,Concrete,2020,42.02,14.38,0.44,0
SID 247637,38.32,Tertiary,1211,Asphalt,2000,103.66,17.38,0.91,1
SID 977247,88.33,Secondary,8836,Concrete,2019,45.62,15.29,0.82,0
SID 325632,35.76,Secondary,24640,Asphalt,2018,81.06,18.06,1.32,1
SID 284851,100.0,Primary,56713,Concrete,2020,57.85,15.73,0.79,0
SID 441797,83.06,Primary,40223,Concrete,2018,59.44,17.29,0.55,0
SID 596279,91.55,Primary,12157,Concrete,2018,49.06,13.2,0.87,0
SID 67909,61.47,Primary,50396,Concrete,2021,63.79,14.74,0.67,0
SID 109745,34.18,Primary,45939,Asphalt,2018,80.95,19.97,0.94,1
SID 135525,27.99,Secondary,8094,Asphalt,2018,92.82,17.55,0.62,1
SID 426680,43.72,Primary,34042,Asphalt,2020,76.06,19.04,1.08,1
SID 89268,75.41,Secondary,2635,Asphalt,2024,50.13,13.44,0.71,0
SID 585682,24.0,Secondary,22716,Asphalt,2019,93.89,19.43,1.12,1
SID 640609,80.41,Primary,35863,Asphalt,2024,42.55,13.54,0.94,0
SID 865971,45.91,Tertiary,1195,Asphalt,2020,76.93,18.99,1.17,1
SID 350948,26.87,Tertiary,1843,Asphalt,2019,79.29,17.85,1.31,1
SID 1031782,75.85,Primary,19247,Concrete,2022,55.65,15.02,0.72,0
SID 298656,100.0,Tertiary,1295,Asphalt,2024,45.97,16.22,0.33,0
SID 777703,34.37,Secondary,18425,Asphalt,2018,72.05,19.61,0.98,1
SID 3748,13.94,Tertiary,1158,Asphalt,2020,81.25,20.07,0.85,1
SID 788303,37.04,Secondary,8023,Asphalt,2015,67.28,20.66,0.99,1
SID 677882,6.44,Tertiary,1600,Asphalt,2019,86.8,18.54,0.73,1
SID 362775,5.88,Tertiary,3259,Asphalt,2020,84.43,17.96,0.75,1
SID 383907,43.08,Secondary,6146,Asphalt,2020,75.36,19.08,1.24,1
SID 829715,65.35,Tertiary,4007,Concrete,2006,80.85,18.73,0.93,1
SID 934810,61.69,Tertiary,3647,Concrete,2019,60.14,14.75,0.2,0
SID 430738,73.66,Tertiary,1834,Asphalt,2025,38.75,13.99,0.68,0
SID 388572,49.8,Secondary,17871,Asphalt,2018,92.26,19.94,0.98,1
