ID,聚类标签,业务分区,NM,PCI,AADT,R,IRI
361555,0,一般维护区,0,87.09,4424.0,14.78,0.86
543474,1,急需维护区,1,32.71,19283.0,19.24,0.92
680773,1,急需维护区,1,27.42,3442.0,19.69,0.79
573017,0,一般维护区,0,53.42,1697.0,12.94,0.73
196055,0,一般维护区,0,78.49,1906.0,13.74,1.13
24032,1,急需维护区,1,37.95,5084.0,17.92,1.06
295127,0,一般维护区,0,54.86,12722.0,15.28,0.98
152532,0,一般维护区,0,87.14,7549.0,14.88,0.6
805698,1,急需维护区,1,20.52,1981.0,18.68,1.03
532179,1,急需维护区,1,32.58,11485.0,17.87,0.94
162493,1,急需维护区,1,16.65,2871.0,19.29,1.07
45573,0,一般维护区,0,91.99,4786.0,14.45,0.48
195949,0,一般维护区,0,85.06,2219.0,13.51,0.8
812861,2,急需维护区,1,42.89,38137.0,18.04,1.32
968765,2,急需维护区,1,4.15,78486.0,18.58,0.49
925933,1,急需维护区,1,45.01,17639.0,19.08,0.76
1015055,1,急需维护区,0,62.55,16719.0,16.7,0.97
833245,1,急需维护区,1,44.33,20127.0,19.34,1.0
214766,1,急需维护区,1,32.45,6908.0,18.38,1.4
174578,1,急需维护区,1,37.14,2504.0,19.39,1.15
589342,1,急需维护区,1,37.84,15505.0,18.99,0.82
29676,0,一般维护区,0,100.0,37355.0,12.49,0.65
393870,1,急需维护区,1,41.53,1991.0,18.78,0.86
335029,0,一般维护区,0,87.95,1729.0,11.44,0.54
872039,1,急需维护区,1,15.44,12525.0,19.88,1.13
429795,1,急需维护区,1,9.18,3365.0,18.78,0.91
920179,2,急需维护区,0,55.87,32515.0,16.49,0.91
20057,0,一般维护区,0,74.78,13140.0,14.43,1.06
193165,1,急需维护区,1,23.84,3733.0,20.27,0.98
288921,0,一般维护区,0,61.1,347.0,15.17,0.77
148295,0,一般维护区,0,100.0,1691.0,13.27,0.67
1041989,0,一般维护区,0,82.62,1899.0,14.73,0.57
962316,0,一般维护区,0,91.82,2117.0,14.08,0.62
663259,0,一般维护区,0,53.56,771.0,12.93,0.56
347744,1,急需维护区,1,35.3,5788.0,17.36,0.78
322938,2,急需维护区,1,24.82,36802.0,19.05,0.68
978790,0,一般维护区,0,77.07,1862.0,14.25,0.75
147264,2,急需维护区,0,100.0,40536.0,16.92,0.68
107102,1,急需维护区,1,0.0,3437.0,17.73,0.92
627171,1,急需维护区,1,19.7,16012.0,18.86,0.95
540058,0,一般维护区,0,94.36,14133.0,13.49,0.41
897773,0,一般维护区,0,67.33,2249.0,16.05,0.3
423256,0,一般维护区,0,43.8,13052.0,14.36,0.71
1254,0,一般维护区,0,50.25,10844.0,14.4,0.95
332989,1,急需维护区,1,15.88,1988.0,18.92,0.94
877775,1,急需维护区,1,27.55,17787.0,18.21,0.74
304249,0,一般维护区,0,33.23,12112.0,12.94,0.95
386409,0,一般维护区,0,72.05,13073.0,12.67,0.85
394836,2,急需维护区,0,70.81,37293.0,14.46,0.82
133421,0,一般维护区,0,85.21,7836.0,12.88,0.23
213907,0,一般维护区,0,61.03,6957.0,14.62,0.89
845599,0,一般维护区,0,69.93,2426.0,14.26,1.21
144328,1,急需维护区,1,24.31,2146.0,18.42,1.07
439431,1,急需维护区,1,27.21,2857.0,21.75,1.03
573303,0,一般维护区,0,49.7,17878.0,13.22,0.89
987289,1,急需维护区,1,51.68,5514.0,19.13,1.03
369511,0,一般维护区,0,82.75,870.0,12.49,1.13
744783,0,一般维护区,0,72.21,1992.0,12.25,0.46
497983,0,一般维护区,0,69.96,903.0,11.62,1.0
346425,0,一般维护区,0,49.27,26332.0,15.48,0.55
665995,2,急需维护区,1,36.55,26454.0,19.18,0.82
417090,0,一般维护区,0,59.34,18933.0,11.02,0.67
450143,0,一般维护区,0,82.01,1312.0,13.65,0.46
87426,0,一般维护区,0,86.06,20608.0,12.12,0.66
794650,1,急需维护区,1,32.28,1636.0,17.69,1.35
668085,0,一般维护区,0,92.63,1817.0,12.49,0.85
384275,0,一般维护区,0,77.57,7230.0,13.02,1.08
150527,1,急需维护区,1,62.09,11291.0,19.55,1.18
564962,0,一般维护区,0,99.5,1483.0,16.31,0.74
421759,0,一般维护区,0,69.45,7773.0,12.63,0.61
585291,0,一般维护区,0,46.49,2388.0,13.89,0.71
860703,0,一般维护区,0,87.36,1462.0,14.34,0.55
717975,2,急需维护区,1,47.12,51497.0,18.38,0.95
10721,2,急需维护区,1,46.42,25602.0,18.76,1.17
193242,0,一般维护区,0,89.11,31537.0,12.75,0.86
684462,1,急需维护区,1,7.97,4447.0,18.34,1.02
906926,1,急需维护区,1,14.34,12039.0,19.08,0.69
428394,0,一般维护区,0,73.6,24832.0,13.93,1.02
594162,1,急需维护区,1,53.51,4287.0,21.2,1.07
726700,0,一般维护区,0,95.51,2412.0,12.37,0.42
647800,0,一般维护区,0,70.74,2096.0,12.05,0.88
858848,1,急需维护区,1,19.51,15224.0,19.58,1.36
381346,0,一般维护区,0,89.53,411.0,9.63,0.32
572058,1,急需维护区,1,43.02,7442.0,19.7,0.97
32622,0,一般维护区,0,59.16,25131.0,14.8,0.84
852739,2,急需维护区,0,85.03,30435.0,15.67,0.88
612757,1,急需维护区,1,26.78,4517.0,18.26,0.74
924042,0,一般维护区,0,81.56,2618.0,12.72,0.59
622955,1,急需维护区,1,47.62,20057.0,19.67,1.08
522873,0,一般维护区,0,60.6,574.0,11.9,0.49
589715,2,急需维护区,1,12.03,31268.0,18.66,0.8
430753,0,一般维护区,0,92.17,-1096.0,14.21,0.65
753165,0,一般维护区,0,81.04,26494.0,14.42,0.82
929015,0,一般维护区,0,75.62,26968.0,13.89,0.81
442326,1,急需维护区,1,23.64,180.0,18.8,1.11
788593,0,一般维护区,0,94.87,5310.0,14.81,0.55
334749,0,一般维护区,0,76.0,443.0,15.82,0.58
756198,1,急需维护区,1,14.06,3660.0,17.56,0.7
923875,0,一般维护区,0,83.98,11589.0,14.67,0.52
469796,0,一般维护区,0,86.57,20699.0,18.02,0.51
271579,0,一般维护区,0,91.88,17122.0,13.82,0.7
817107,1,急需维护区,1,22.96,23320.0,17.98,1.01
121174,0,一般维护区,0,87.17,7213.0,13.59,0.51
731756,0,一般维护区,0,72.2,8799.0,12.59,0.76
730463,0,一般维护区,0,96.56,1088.0,15.16,0.33
276577,1,急需维护区,1,58.39,11409.0,20.32,0.86
373897,1,急需维护区,1,9.41,5705.0,20.11,0.57
30447,1,急需维护区,1,50.92,12788.0,19.06,0.71
390022,0,一般维护区,0,69.0,23920.0,14.71,0.36
767981,2,急需维护区,1,29.2,45874.0,19.39,1.18
33333,0,一般维护区,0,100.0,793.0,14.44,0.96
718336,0,一般维护区,0,74.09,1821.0,15.43,1.01
562374,0,一般维护区,0,79.42,1113.0,13.99,0.74
264505,0,一般维护区,0,99.22,2016.0,14.16,0.59
313026,1,急需维护区,1,24.32,2863.0,18.63,0.87
579884,0,一般维护区,0,74.1,5284.0,12.12,0.56
145631,2,急需维护区,0,57.19,20795.0,16.04,1.2
852433,1,急需维护区,1,45.83,1661.0,21.2,1.44
1013237,1,急需维护区,1,15.95,1521.0,18.87,1.12
485010,1,急需维护区,1,58.14,4347.0,19.08,0.66
196114,2,急需维护区,1,17.15,41749.0,19.7,1.13
827241,2,急需维护区,0,70.83,50220.0,16.74,0.84
304812,1,急需维护区,1,57.06,14085.0,19.22,0.57
931631,1,急需维护区,1,21.67,1855.0,18.88,1.27
596707,0,一般维护区,0,72.36,16472.0,12.62,0.55
747342,0,一般维护区,0,75.7,140.0,14.04,0.94
282988,0,一般维护区,0,77.99,4304.0,13.52,0.75
538646,0,一般维护区,0,81.39,12510.0,11.53,0.24
933108,1,急需维护区,1,35.57,989.0,20.95,0.72
450139,1,急需维护区,1,44.47,2624.0,20.01,0.84
264279,1,急需维护区,1,30.67,11120.0,16.72,1.04
164166,1,急需维护区,1,36.43,11635.0,19.47,1.07
794550,0,一般维护区,0,92.59,6452.0,13.94,0.7
763066,1,急需维护区,1,22.65,5962.0,17.92,0.9
916891,1,急需维护区,1,0.0,2287.0,18.12,1.32
599196,0,一般维护区,0,100.0,997.0,15.64,0.98
780221,1,急需维护区,1,1.87,2018.0,19.2,1.06
204980,0,一般维护区,0,71.93,17685.0,13.34,0.65
867307,1,急需维护区,1,49.29,5720.0,16.87,1.07
845682,0,一般维护区,0,95.37,5197.0,14.43,0.36
525700,2,急需维护区,0,100.0,31527.0,16.07,0.86
686971,1,急需维护区,1,49.14,18172.0,20.02,0.85
137345,1,急需维护区,1,30.34,2918.0,18.77,1.09
540664,0,一般维护区,0,90.1,26174.0,14.2,0.7
42778,0,一般维护区,0,100.0,18621.0,15.81,1.07
783454,1,急需维护区,1,29.04,3265.0,20.13,1.04
752377,1,急需维护区,1,48.35,5560.0,21.28,0.85
629401,1,急需维护区,1,48.13,1644.0,20.0,0.77
578613,2,急需维护区,0,89.29,36325.0,16.36,0.61
855250,0,一般维护区,0,76.93,21425.0,11.37,1.12
331137,2,急需维护区,0,59.5,42175.0,16.6,1.14
928201,1,急需维护区,1,48.42,1682.0,19.1,0.63
179638,2,急需维护区,0,49.59,30929.0,14.72,1.0
1044875,1,急需维护区,1,32.18,4854.0,18.11,1.09
488203,1,急需维护区,1,13.52,2832.0,18.94,1.16
389314,0,一般维护区,0,84.24,26836.0,14.05,0.63
731211,0,一般维护区,0,86.09,15153.0,14.06,0.58
758114,1,急需维护区,1,57.38,2794.0,18.17,0.71
455827,1,急需维护区,1,53.13,1379.0,19.44,0.72
584889,2,急需维护区,1,28.36,38456.0,20.48,0.77
793411,0,一般维护区,0,92.98,20300.0,15.2,0.69
55108,0,一般维护区,0,78.1,2446.0,13.1,0.68
340036,2,急需维护区,0,66.63,30754.0,14.64,0.89
480673,0,一般维护区,0,80.34,27025.0,13.64,0.8
631487,2,急需维护区,1,38.76,27859.0,20.42,0.73
192179,1,急需维护区,1,34.12,2649.0,17.87,0.93
373603,1,急需维护区,1,0.0,2200.0,19.64,0.99
452412,1,急需维护区,1,23.2,3073.0,17.11,0.62
844106,1,急需维护区,1,61.3,1173.0,19.52,1.43
897538,1,急需维护区,1,24.3,17374.0,19.37,0.77
647804,2,急需维护区,1,45.87,32784.0,19.25,1.25
366617,1,急需维护区,1,0.0,164.0,19.24,0.84
585517,0,一般维护区,0,98.24,9965.0,15.08,0.92
632517,0,一般维护区,0,53.55,662.0,13.86,0.71
742798,1,急需维护区,1,30.26,20735.0,19.79,1.15
384901,1,急需维护区,1,18.67,22099.0,19.12,0.82
665111,1,急需维护区,1,20.73,13518.0,18.84,0.75
460539,0,一般维护区,0,100.0,22504.0,15.07,0.91
558546,2,急需维护区,0,79.23,36995.0,16.98,0.54
853536,0,一般维护区,0,68.54,10138.0,14.55,0.17
7564,0,一般维护区,0,80.32,4039.0,14.92,0.74
151315,1,急需维护区,1,11.15,16875.0,20.23,0.8
271411,1,急需维护区,1,54.07,9104.0,17.98,1.2
1043122,0,一般维护区,0,85.69,2883.0,13.68,0.78
412146,0,一般维护区,0,93.73,768.0,13.81,0.45
111450,1,急需维护区,1,22.13,4002.0,17.3,1.12
930121,1,急需维护区,1,17.44,21691.0,18.21,0.94
35773,1,急需维护区,1,53.23,15385.0,18.98,0.66
886591,1,急需维护区,1,6.83,1621.0,22.37,1.09
568463,1,急需维护区,1,13.41,2544.0,17.58,0.64
139131,0,一般维护区,0,86.58,2036.0,12.66,1.08
562617,0,一般维护区,0,83.29,4870.0,16.56,0.83
384271,0,一般维护区,0,100.0,678.0,12.18,1.01
796688,0,一般维护区,0,74.35,970.0,13.41,0.74
404412,1,急需维护区,1,29.76,2833.0,17.66,0.75
455859,0,一般维护区,0,67.91,9591.0,13.79,0.78
616116,1,急需维护区,1,32.84,2393.0,18.62,0.85
110426,0,一般维护区,0,72.89,9718.0,16.76,0.48
946341,1,急需维护区,1,25.6,4221.0,21.01,0.72
768682,1,急需维护区,1,62.85,3939.0,18.83,1.17
439748,0,一般维护区,0,76.53,411.0,14.38,0.6
676378,1,急需维护区,1,37.74,2908.0,18.48,1.05
869157,0,一般维护区,0,80.46,1849.0,14.0,0.72
19430,0,一般维护区,0,88.1,33000.0,13.52,0.71
552409,1,急需维护区,1,46.04,15179.0,18.64,0.95
366384,2,急需维护区,0,60.62,41030.0,15.22,0.85
499011,0,一般维护区,0,80.57,23442.0,13.92,0.89
1039540,0,一般维护区,0,85.07,11926.0,14.36,0.92
627980,1,急需维护区,1,21.78,1981.0,19.63,0.88
941862,0,一般维护区,0,87.43,11676.0,14.24,0.36
799715,0,一般维护区,0,70.49,10088.0,13.07,0.78
96957,1,急需维护区,1,27.1,14092.0,20.79,0.82
396268,0,一般维护区,0,58.59,2270.0,15.55,0.57
28113,0,一般维护区,0,67.66,4214.0,13.63,0.77
142571,0,一般维护区,0,70.99,3334.0,14.5,0.92
469373,1,急需维护区,1,44.83,3901.0,19.36,1.03
651431,0,一般维护区,0,75.6,22501.0,17.16,0.77
104643,2,急需维护区,1,63.61,81917.0,21.26,1.22
974426,1,急需维护区,1,30.41,8273.0,20.07,0.77
73247,2,急需维护区,0,63.79,34808.0,13.71,0.9
621789,0,一般维护区,0,100.0,6222.0,15.67,0.85
895981,1,急需维护区,1,0.0,4110.0,19.02,0.97
379504,0,一般维护区,0,63.15,7467.0,13.31,0.45
969124,0,一般维护区,0,57.93,2000.0,14.45,0.47
186042,0,一般维护区,0,90.37,6046.0,13.68,0.79
29400,0,一般维护区,0,78.76,24751.0,13.34,0.49
850142,0,一般维护区,0,91.45,25148.0,13.38,0.88
857422,0,一般维护区,0,82.48,10218.0,14.44,0.63
613189,1,急需维护区,1,32.52,2752.0,19.85,0.86
309274,2,急需维护区,0,70.57,32885.0,13.76,0.74
770101,1,急需维护区,1,55.59,9318.0,18.38,1.15
866437,1,急需维护区,1,47.23,2673.0,18.32,0.78
306707,0,一般维护区,0,59.25,25368.0,14.25,0.74
603795,0,一般维护区,0,82.84,1553.0,13.94,0.44
162257,0,一般维护区,0,81.7,2177.0,16.14,1.04
395369,1,急需维护区,1,34.24,24665.0,17.54,1.07
323526,0,一般维护区,0,74.68,26448.0,13.89,0.72
840891,0,一般维护区,0,85.0,20984.0,15.66,0.86
238345,0,一般维护区,0,100.0,8972.0,14.02,0.33
64248,2,急需维护区,1,49.66,59222.0,19.5,1.11
149705,0,一般维护区,0,59.44,27513.0,13.3,0.91
577634,1,急需维护区,1,18.15,2524.0,18.61,0.81
217925,0,一般维护区,0,78.91,853.0,15.02,0.6
695818,0,一般维护区,0,69.01,2054.0,14.67,0.82
895711,1,急需维护区,1,12.33,3665.0,19.36,0.69
922232,1,急需维护区,1,26.01,20006.0,19.01,0.91
914603,2,急需维护区,1,26.14,36939.0,20.74,1.08
696205,1,急需维护区,1,9.03,2413.0,19.98,1.04
253009,2,急需维护区,1,19.18,71632.0,19.88,1.03
497642,0,一般维护区,0,74.04,8614.0,13.14,0.69
493034,0,一般维护区,0,55.32,6410.0,14.43,0.96
351538,0,一般维护区,0,81.55,2553.0,13.68,0.81
500071,1,急需维护区,1,31.29,24106.0,20.46,0.86
816304,1,急需维护区,1,31.46,2972.0,19.14,0.59
939280,0,一般维护区,0,55.97,20440.0,14.82,0.87
409176,0,一般维护区,0,64.27,10130.0,14.94,0.63
446189,0,一般维护区,0,76.34,5367.0,15.3,0.72
798934,0,一般维护区,0,93.33,26604.0,15.72,0.41
50685,0,一般维护区,0,84.38,19872.0,14.47,1.08
283444,0,一般维护区,0,84.17,22373.0,14.58,0.98
381610,0,一般维护区,0,45.42,1943.0,12.07,0.64
227097,0,一般维护区,0,84.56,17999.0,14.07,0.84
669360,1,急需维护区,1,16.13,2431.0,19.25,0.75
875655,0,一般维护区,0,92.91,1474.0,12.29,0.52
1390,0,一般维护区,0,68.19,4137.0,11.83,0.82
491079,1,急需维护区,1,28.43,12049.0,18.33,1.15
8814,0,一般维护区,0,49.9,2483.0,11.94,0.39
368845,0,一般维护区,0,58.9,6903.0,16.66,0.81
352899,0,一般维护区,0,100.0,2169.0,12.05,0.53
1039083,0,一般维护区,0,100.0,9126.0,13.76,0.48
144368,0,一般维护区,0,95.77,6048.0,12.94,1.0
617510,0,一般维护区,0,71.99,4287.0,14.53,0.74
442559,2,急需维护区,0,65.32,43325.0,13.92,0.84
544670,1,急需维护区,1,31.52,5271.0,19.13,0.84
293266,0,一般维护区,0,61.09,1970.0,13.56,0.97
575876,2,急需维护区,0,72.97,30461.0,15.39,0.78
303626,0,一般维护区,0,100.0,1266.0,12.65,0.5
839236,1,急需维护区,1,29.16,939.0,20.7,0.54
690343,1,急需维护区,1,7.12,19250.0,18.64,0.57
42843,1,急需维护区,1,27.72,4079.0,20.04,1.0
463818,2,急需维护区,1,26.88,37139.0,18.54,1.09
1030842,2,急需维护区,1,45.59,42782.0,19.7,0.77
308618,2,急需维护区,1,14.42,38762.0,19.64,0.7
29395,2,急需维护区,0,86.93,46085.0,15.59,1.01
391808,0,一般维护区,0,88.24,28198.0,14.77,0.69
1004677,0,一般维护区,0,97.35,25104.0,15.65,0.82
37559,0,一般维护区,1,53.26,2864.0,17.24,0.7
973851,1,急需维护区,1,31.73,3505.0,19.01,1.14
586951,0,一般维护区,0,82.58,3614.0,13.69,0.51
200979,1,急需维护区,1,23.04,14833.0,21.15,1.26
824081,1,急需维护区,1,33.06,2326.0,18.49,1.11
121931,1,急需维护区,1,19.51,2130.0,19.25,0.99
356172,2,急需维护区,1,32.92,39835.0,19.21,1.17
1036417,0,一般维护区,0,100.0,1531.0,14.6,0.9
46209,0,一般维护区,1,64.51,2743.0,17.5,0.81
8863,1,急需维护区,1,64.19,5194.0,19.28,1.26
923742,1,急需维护区,1,13.85,3235.0,19.85,0.71
265242,1,急需维护区,1,23.01,1614.0,19.51,0.88
357400,0,一般维护区,0,91.31,10346.0,15.34,0.94
680277,0,一般维护区,0,60.74,6738.0,13.8,0.56
490171,2,急需维护区,1,59.21,23792.0,19.4,1.1
634482,1,急需维护区,0,56.08,7989.0,16.67,0.87
186279,1,急需维护区,1,19.53,3289.0,19.12,0.54
1027057,0,一般维护区,0,100.0,1452.0,14.46,0.65
58764,1,急需维护区,1,49.64,5656.0,19.83,1.09
816566,0,一般维护区,0,76.63,10436.0,14.78,0.89
96576,0,一般维护区,0,97.51,25536.0,14.22,0.98
657621,1,急需维护区,1,0.22,12915.0,19.46,0.81
301915,2,急需维护区,0,41.39,31850.0,16.02,0.7
884358,0,一般维护区,0,79.03,990.0,13.17,0.65
156986,1,急需维护区,1,13.42,4074.0,20.09,0.95
816686,2,急需维护区,0,74.21,36881.0,15.46,0.69
285971,0,一般维护区,0,73.48,7130.0,13.12,0.8
734578,1,急需维护区,0,72.24,1214.0,15.38,1.22
251101,1,急需维护区,1,21.07,2648.0,18.69,0.92
533582,0,一般维护区,0,90.86,1621.0,13.93,0.78
81541,0,一般维护区,0,86.49,25420.0,13.97,1.02
1045735,0,一般维护区,0,62.92,269.0,12.56,0.51
237687,0,一般维护区,0,100.0,8928.0,13.74,0.82
516197,2,急需维护区,0,80.27,29796.0,15.61,1.0
706434,0,一般维护区,0,62.12,2012.0,12.69,0.74
715466,1,急需维护区,1,12.4,3508.0,19.24,0.99
131459,0,一般维护区,0,72.32,215.0,14.91,0.98
181230,2,急需维护区,1,54.52,46341.0,18.92,1.11
813508,1,急需维护区,1,50.83,4401.0,20.8,0.71
228651,0,一般维护区,0,82.61,952.0,10.81,0.4
487967,0,一般维护区,0,53.07,11501.0,16.41,0.31
671539,0,一般维护区,0,67.92,1086.0,14.97,0.75
494466,0,一般维护区,0,52.49,208.0,14.81,0.73
752049,1,急需维护区,1,15.35,2300.0,17.14,1.18
945610,1,急需维护区,1,26.87,617.0,19.0,1.1
629907,0,一般维护区,0,82.13,26684.0,16.49,0.78
468916,0,一般维护区,0,85.47,2687.0,12.16,0.74
631349,1,急需维护区,1,52.53,6299.0,20.48,1.01
627823,0,一般维护区,0,95.8,32781.0,14.75,0.65
731254,1,急需维护区,1,38.19,3887.0,19.66,1.42
463717,0,一般维护区,0,79.76,2153.0,12.88,0.83
867384,2,急需维护区,0,100.0,24322.0,16.97,1.03
470162,1,急需维护区,1,36.83,2403.0,19.77,1.08
189230,1,急需维护区,1,32.42,1051.0,18.1,0.74
959187,0,一般维护区,0,84.9,7194.0,12.96,0.37
859366,0,一般维护区,0,95.81,2741.0,10.55,0.7
145175,1,急需维护区,1,27.0,3538.0,19.55,1.22
288594,0,一般维护区,0,91.0,22579.0,12.79,0.82
81570,1,急需维护区,1,29.88,10809.0,19.28,1.07
184721,2,急需维护区,0,74.31,31176.0,15.87,0.9
42183,1,急需维护区,1,35.84,3332.0,19.42,0.4
593683,0,一般维护区,0,62.67,6911.0,13.62,0.56
549950,1,急需维护区,1,41.85,12368.0,19.93,1.13
935647,2,急需维护区,1,17.81,71758.0,19.59,1.26
809771,0,一般维护区,0,77.02,2047.0,11.31,0.52
816230,0,一般维护区,0,47.72,853.0,10.29,0.43
381244,0,一般维护区,0,93.72,13094.0,14.38,0.77
335923,1,急需维护区,1,65.68,953.0,19.79,1.39
99275,2,急需维护区,0,76.47,31109.0,12.62,1.04
999728,0,一般维护区,0,100.0,703.0,12.15,0.65
982171,2,急需维护区,1,35.78,61074.0,18.45,1.14
234305,1,急需维护区,1,50.95,2443.0,19.59,0.49
127399,0,一般维护区,0,78.54,1688.0,13.46,0.78
921253,0,一般维护区,0,66.94,15213.0,12.89,0.71
538148,1,急需维护区,1,18.93,1195.0,18.48,0.99
914111,1,急需维护区,1,0.0,-264.0,18.51,1.16
478779,0,一般维护区,0,57.03,762.0,12.76,0.96
170775,0,一般维护区,0,82.2,15747.0,10.67,0.84
868958,2,急需维护区,0,74.23,48771.0,13.8,0.62
28405,1,急需维护区,1,26.08,2952.0,17.59,1.08
1020201,2,急需维护区,1,40.5,30316.0,17.65,0.91
83319,0,一般维护区,0,54.21,1403.0,12.51,0.84
750130,0,一般维护区,0,74.63,2166.0,12.8,0.65
774834,1,急需维护区,1,26.66,4269.0,18.84,0.82
246937,0,一般维护区,0,100.0,9021.0,13.32,0.57
638542,1,急需维护区,1,30.85,1677.0,19.75,0.94
869338,1,急需维护区,1,34.21,13144.0,20.49,1.09
371235,2,急需维护区,0,49.8,32590.0,15.04,0.97
976216,0,一般维护区,0,100.0,7864.0,13.44,1.02
785311,0,一般维护区,0,69.64,7370.0,14.27,0.92
850722,1,急需维护区,1,47.06,2678.0,19.13,0.71
387197,2,急需维护区,0,100.0,34493.0,14.34,0.95
794441,2,急需维护区,1,30.69,44244.0,20.72,1.04
225750,0,一般维护区,0,70.98,12066.0,13.53,0.7
521204,0,一般维护区,0,100.0,11150.0,14.38,0.9
280557,0,一般维护区,0,100.0,909.0,15.41,0.49
859876,0,一般维护区,0,99.33,4176.0,17.06,0.55
58185,1,急需维护区,1,25.66,8976.0,19.31,1.06
939548,1,急需维护区,1,29.81,10941.0,18.53,0.82
575221,0,一般维护区,0,74.35,33576.0,13.82,0.46
677059,0,一般维护区,0,90.94,2728.0,15.57,0.61
772312,1,急需维护区,1,39.1,4172.0,21.29,0.76
795336,1,急需维护区,1,6.53,2307.0,20.39,0.86
519928,0,一般维护区,0,83.17,21596.0,17.15,0.58
927496,0,一般维护区,0,57.88,4773.0,14.46,0.6
806577,0,一般维护区,0,83.73,1260.0,15.74,0.52
427910,1,急需维护区,1,54.43,1841.0,20.03,0.96
653781,0,一般维护区,0,84.5,3794.0,12.94,0.69
888738,1,急需维护区,1,38.87,1381.0,21.07,0.96
444444,0,一般维护区,0,51.53,9757.0,13.31,0.72
350616,2,急需维护区,1,54.73,48125.0,19.74,0.97
728385,1,急需维护区,1,12.19,15024.0,21.31,0.99
491361,0,一般维护区,0,87.08,1304.0,12.61,0.77
427784,1,急需维护区,1,0.0,3042.0,20.14,0.8
1045631,1,急需维护区,1,36.62,1538.0,18.5,0.64
610579,1,急需维护区,1,0.0,2987.0,16.7,0.7
978259,2,急需维护区,0,89.78,36331.0,17.48,0.69
282357,0,一般维护区,0,100.0,12467.0,14.7,0.9
943735,0,一般维护区,0,88.46,2986.0,13.47,0.63
945460,0,一般维护区,0,41.34,8694.0,12.8,0.72
597788,0,一般维护区,0,63.13,1388.0,13.78,0.77
490990,1,急需维护区,1,30.3,7188.0,21.17,0.83
708180,0,一般维护区,0,47.53,-23.0,15.65,0.55
62710,2,急需维护区,1,40.03,29449.0,19.16,1.26
69983,2,急需维护区,1,46.51,35122.0,19.27,1.28
89972,1,急需维护区,1,46.03,2597.0,18.84,1.21
388798,0,一般维护区,0,69.05,493.0,13.16,0.53
783737,1,急需维护区,1,16.15,16043.0,19.73,1.05
176289,1,急需维护区,1,0.0,971.0,18.39,1.02
863047,1,急需维护区,1,6.45,2777.0,20.1,0.92
67744,1,急需维护区,1,31.83,-503.0,19.42,1.3
250590,1,急需维护区,1,48.09,1690.0,21.37,1.05
184499,0,一般维护区,0,91.49,1063.0,13.34,0.57
813908,0,一般维护区,0,59.78,11503.0,12.82,0.79
952946,1,急需维护区,1,57.0,3000.0,18.6,1.22
551083,1,急需维护区,1,32.01,6049.0,18.04,1.17
964846,0,一般维护区,0,83.2,12194.0,14.57,0.86
642954,1,急需维护区,1,41.75,16062.0,17.55,1.14
204912,0,一般维护区,0,66.19,9479.0,14.41,0.49
331875,1,急需维护区,1,26.06,4150.0,19.36,1.04
90044,1,急需维护区,1,21.85,2648.0,18.82,1.29
752060,1,急需维护区,1,27.8,3921.0,17.42,0.92
158452,0,一般维护区,0,86.42,11162.0,14.39,1.04
651106,0,一般维护区,0,92.36,5427.0,12.64,0.63
522156,1,急需维护区,1,21.38,2203.0,19.06,0.91
522689,0,一般维护区,0,78.47,10793.0,13.19,0.65
137859,0,一般维护区,0,79.18,8217.0,14.09,0.65
168591,0,一般维护区,0,83.73,1575.0,13.02,0.58
825545,1,急需维护区,1,36.35,2937.0,17.07,1.1
742882,1,急需维护区,1,27.38,2226.0,19.09,1.0
805349,1,急需维护区,1,50.18,1789.0,19.41,0.89
354502,0,一般维护区,0,94.18,2083.0,12.37,0.71
906286,1,急需维护区,1,47.81,11795.0,16.43,0.88
389227,0,一般维护区,0,73.14,10670.0,13.5,1.11
473846,2,急需维护区,1,51.25,32920.0,20.02,1.32
121408,2,急需维护区,0,67.6,72119.0,15.66,0.74
789542,0,一般维护区,0,70.98,4794.0,12.65,0.6
29469,2,急需维护区,0,85.87,43911.0,14.18,0.99
156783,0,一般维护区,0,85.87,33545.0,14.69,0.44
653304,1,急需维护区,1,24.09,2830.0,20.68,0.9
699137,1,急需维护区,1,48.08,3046.0,18.72,1.0
237652,0,一般维护区,0,46.72,8709.0,14.62,0.7
132904,2,急需维护区,1,38.05,41344.0,21.68,0.46
193634,1,急需维护区,1,26.54,21448.0,19.04,1.05
12911,2,急需维护区,1,47.71,32658.0,20.34,0.9
127393,1,急需维护区,1,2.99,2146.0,19.48,1.28
22148,1,急需维护区,1,46.2,2946.0,17.65,1.01
764222,0,一般维护区,0,79.45,5739.0,15.08,0.75
643665,0,一般维护区,0,69.89,1786.0,13.68,0.71
19997,0,一般维护区,0,58.6,3038.0,11.54,0.58
1002582,0,一般维护区,0,74.13,2644.0,13.88,0.82
84030,1,急需维护区,1,24.48,3883.0,18.74,0.88
768433,1,急需维护区,1,25.22,16167.0,18.21,1.16
534588,1,急需维护区,1,47.44,1239.0,20.76,1.12
482507,2,急需维护区,1,43.91,35926.0,19.02,0.85
780659,1,急需维护区,1,25.56,16541.0,21.76,0.69
332444,1,急需维护区,1,44.75,19591.0,18.79,0.96
504328,1,急需维护区,1,13.25,2510.0,20.42,0.85
933041,1,急需维护区,1,34.69,3603.0,19.31,0.95
898361,2,急需维护区,1,23.16,76255.0,20.67,0.85
23281,0,一般维护区,0,77.36,24153.0,12.95,0.75
172735,1,急需维护区,1,2.49,4392.0,19.03,1.15
600635,1,急需维护区,1,44.15,9116.0,19.0,1.28
1034898,0,一般维护区,0,76.03,1350.0,11.79,0.6
341029,2,急需维护区,0,78.06,34364.0,15.94,0.89
997327,0,一般维护区,0,97.32,2020.0,14.96,0.74
568707,2,急需维护区,0,68.3,34110.0,11.93,1.21
268963,0,一般维护区,0,76.65,1193.0,12.96,0.52
280098,1,急需维护区,1,0.76,10954.0,21.11,0.73
951909,0,一般维护区,0,79.66,3241.0,12.68,0.54
1013893,1,急需维护区,1,36.05,11709.0,19.28,1.04
358374,1,急需维护区,1,20.61,8728.0,20.83,0.89
422303,1,急需维护区,1,22.48,12742.0,18.02,1.14
819281,1,急需维护区,1,37.45,1941.0,18.44,0.8
997809,0,一般维护区,0,87.98,6704.0,13.02,0.88
656010,0,一般维护区,0,42.26,12742.0,14.06,0.49
728645,0,一般维护区,0,82.9,2633.0,13.48,0.6
768971,0,一般维护区,0,64.53,3783.0,15.95,0.61
153588,0,一般维护区,0,95.53,18199.0,13.67,0.76
72457,1,急需维护区,1,40.99,1359.0,19.29,0.86
119534,1,急需维护区,1,6.27,1993.0,21.19,0.88
21895,0,一般维护区,0,77.04,2343.0,14.95,1.05
147096,2,急需维护区,0,67.01,29670.0,15.52,0.8
570503,0,一般维护区,0,86.75,1699.0,14.86,0.98
266100,0,一般维护区,0,91.4,698.0,11.39,0.74
92513,1,急需维护区,1,35.24,2051.0,20.42,0.84
977387,1,急需维护区,1,17.69,2528.0,18.09,0.97
1041870,1,急需维护区,1,2.03,30167.0,19.41,0.78
253940,0,一般维护区,0,100.0,1308.0,14.0,0.96
314372,0,一般维护区,0,88.29,25254.0,15.97,0.63
413794,0,一般维护区,0,75.14,7522.0,14.43,0.93
90752,2,急需维护区,0,84.22,34416.0,16.88,0.64
822815,1,急需维护区,1,67.64,546.0,19.46,0.64
910645,0,一般维护区,0,96.69,13433.0,14.12,1.08
440964,1,急需维护区,1,15.56,3603.0,17.99,1.02
702861,0,一般维护区,0,88.0,2726.0,12.02,0.68
129467,0,一般维护区,0,62.23,2802.0,12.01,0.96
952380,1,急需维护区,1,18.27,1739.0,20.02,1.22
677106,0,一般维护区,0,89.94,2161.0,11.9,1.01
973975,0,一般维护区,0,100.0,637.0,14.91,0.7
650466,0,一般维护区,0,66.41,1460.0,13.62,0.84
635442,1,急需维护区,1,4.81,1686.0,20.26,1.07
373195,0,一般维护区,0,97.11,1532.0,11.65,0.68
340329,0,一般维护区,0,72.23,5917.0,14.36,0.75
430059,0,一般维护区,0,77.51,556.0,12.19,0.48
956100,0,一般维护区,0,73.02,3164.0,12.44,0.5
633193,0,一般维护区,0,43.07,7483.0,14.54,0.8
880635,1,急需维护区,1,32.5,2300.0,19.52,1.09
354548,1,急需维护区,1,46.78,5265.0,19.6,1.0
526139,0,一般维护区,0,43.64,12921.0,10.21,0.81
217392,2,急需维护区,0,69.64,71342.0,16.09,0.91
392463,1,急需维护区,1,51.9,2715.0,17.31,0.74
583272,0,一般维护区,0,60.17,1602.0,16.3,0.62
335877,2,急需维护区,0,72.9,31634.0,16.3,1.02
1043225,2,急需维护区,1,43.21,49889.0,18.73,1.1
490522,0,一般维护区,0,79.22,7574.0,16.07,0.97
741076,1,急需维护区,1,44.29,2348.0,17.59,1.1
711030,2,急需维护区,1,36.76,51735.0,18.66,1.01
711177,1,急需维护区,1,25.22,1015.0,20.94,1.07
40017,1,急需维护区,1,16.56,2289.0,18.62,1.21
486073,1,急需维护区,1,42.98,1535.0,20.52,0.77
286914,1,急需维护区,1,44.29,20637.0,19.29,0.58
244239,0,一般维护区,0,64.55,21642.0,15.63,0.41
468522,0,一般维护区,0,100.0,10215.0,13.05,0.86
545556,0,一般维护区,0,62.55,11229.0,14.3,0.74
584841,1,急需维护区,1,55.85,16796.0,19.17,0.93
357832,1,急需维护区,1,43.39,24678.0,21.33,1.22
369076,0,一般维护区,0,60.56,29565.0,13.9,0.48
284750,0,一般维护区,0,84.42,7492.0,13.48,0.93
838508,1,急需维护区,1,9.46,3653.0,19.27,1.03
780638,0,一般维护区,0,72.96,14093.0,16.61,0.68
198627,1,急需维护区,1,37.51,11619.0,19.91,0.8
994620,2,急需维护区,0,82.98,32483.0,13.86,0.86
367992,0,一般维护区,0,100.0,2444.0,13.34,0.43
356362,0,一般维护区,0,81.34,2102.0,11.38,0.69
927551,1,急需维护区,1,0.0,15536.0,19.25,1.11
907923,0,一般维护区,0,62.3,14955.0,14.76,0.85
781368,0,一般维护区,0,80.32,15323.0,12.65,0.66
487057,1,急需维护区,1,26.87,12574.0,19.07,0.74
812922,2,急需维护区,0,39.12,27966.0,14.29,1.28
903893,1,急需维护区,1,26.74,7396.0,19.99,0.86
545618,1,急需维护区,1,15.48,1241.0,20.05,0.98
792570,1,急需维护区,1,12.63,4964.0,18.82,0.78
415955,0,一般维护区,0,69.25,1046.0,12.33,0.46
132334,0,一般维护区,0,74.86,29418.0,13.71,0.52
554187,1,急需维护区,1,32.97,19870.0,21.86,1.16
870904,0,一般维护区,0,100.0,11391.0,12.3,0.64
198016,0,一般维护区,0,90.25,-340.0,11.63,0.58
976384,1,急需维护区,1,12.39,23320.0,18.66,1.21
875595,1,急需维护区,1,0.0,3614.0,17.73,0.88
592801,1,急需维护区,1,30.6,3277.0,18.51,0.61
3731,0,一般维护区,0,47.32,9902.0,13.69,0.88
541001,0,一般维护区,0,89.95,3684.0,13.63,0.9
762719,1,急需维护区,1,56.03,21569.0,19.31,0.92
657025,2,急需维护区,1,37.51,29029.0,19.51,0.91
954391,0,一般维护区,0,100.0,7718.0,12.71,0.46
227627,1,急需维护区,1,24.35,14195.0,20.26,0.95
172433,1,急需维护区,1,19.12,14974.0,19.56,0.7
13140,1,急需维护区,1,2.75,13664.0,17.98,0.99
635124,2,急需维护区,0,64.95,33242.0,15.29,0.92
404098,0,一般维护区,0,75.09,2639.0,12.0,0.32
108601,1,急需维护区,1,38.4,10324.0,19.33,0.48
945399,0,一般维护区,0,100.0,1642.0,13.2,0.57
115448,0,一般维护区,0,100.0,1527.0,13.35,1.06
592936,1,急需维护区,1,22.57,3620.0,18.65,0.71
221382,0,一般维护区,0,93.32,7821.0,12.61,1.03
984530,0,一般维护区,0,93.46,1616.0,14.5,0.22
322242,0,一般维护区,0,89.22,7234.0,13.92,0.77
775508,0,一般维护区,0,52.15,1366.0,13.26,0.51
52181,0,一般维护区,0,66.76,9691.0,14.21,0.71
854314,0,一般维护区,0,81.04,815.0,13.55,0.79
49684,1,急需维护区,1,35.96,3118.0,19.22,0.82
58943,1,急需维护区,1,35.55,21899.0,20.09,0.87
210554,1,急需维护区,1,40.71,3782.0,17.33,1.03
254801,0,一般维护区,0,53.76,1703.0,14.13,1.07
501691,2,急需维护区,0,90.2,29918.0,14.83,1.02
445137,0,一般维护区,0,86.69,1686.0,13.18,0.82
757873,0,一般维护区,0,94.26,17687.0,14.72,0.87
295038,0,一般维护区,0,89.28,24141.0,13.64,0.67
432915,0,一般维护区,0,63.25,10432.0,11.26,0.69
432960,1,急需维护区,1,20.97,4491.0,18.39,1.13
710547,1,急需维护区,1,35.09,1764.0,19.45,1.19
713704,0,一般维护区,0,69.25,1682.0,14.53,0.67
453397,0,一般维护区,0,89.98,1037.0,13.19,0.79
594013,1,急需维护区,1,8.1,7000.0,19.72,1.3
90418,0,一般维护区,0,100.0,789.0,11.81,0.45
679151,1,急需维护区,1,37.64,8490.0,20.12,0.72
134396,0,一般维护区,0,77.73,19153.0,12.66,0.85
150584,0,一般维护区,0,93.62,2863.0,13.64,0.58
479275,1,急需维护区,1,22.94,24047.0,20.31,1.02
319602,0,一般维护区,0,70.44,11755.0,13.93,0.83
377173,1,急需维护区,1,7.15,4610.0,18.57,0.85
1023906,1,急需维护区,1,36.58,3641.0,20.04,0.87
1013525,1,急需维护区,1,44.98,2060.0,18.85,0.77
97487,1,急需维护区,1,40.76,4193.0,19.38,0.92
360316,0,一般维护区,0,96.09,1680.0,14.64,0.88
769398,1,急需维护区,1,37.63,18426.0,20.23,1.41
985840,1,急需维护区,1,35.83,6700.0,18.97,0.51
729321,0,一般维护区,0,75.73,883.0,13.68,0.6
289100,1,急需维护区,1,31.74,1735.0,20.23,0.82
704633,0,一般维护区,0,74.17,2142.0,14.22,0.6
443944,1,急需维护区,1,9.78,2942.0,20.08,0.99
1042859,0,一般维护区,0,50.19,2556.0,14.57,0.42
222621,1,急需维护区,1,3.77,3047.0,19.41,1.03
37157,0,一般维护区,0,60.1,28934.0,14.06,0.56
578963,0,一般维护区,0,72.44,23556.0,13.87,0.65
34161,0,一般维护区,0,79.5,12140.0,14.54,0.95
784576,0,一般维护区,0,81.08,1363.0,15.26,1.05
163528,1,急需维护区,1,36.04,1785.0,20.78,1.02
24270,2,急需维护区,1,35.26,38770.0,19.48,1.1
435484,0,一般维护区,0,70.16,13218.0,12.09,0.59
781511,1,急需维护区,1,34.5,126.0,18.86,0.69
431417,2,急需维护区,1,41.72,58965.0,18.71,0.96
681536,1,急需维护区,1,46.7,19071.0,19.64,1.08
1044318,2,急需维护区,0,80.42,29756.0,14.47,0.91
1491,1,急需维护区,1,4.91,3488.0,18.06,0.93
374435,0,一般维护区,0,81.1,5372.0,12.71,0.55
609007,0,一般维护区,0,74.56,5551.0,12.97,0.66
66116,0,一般维护区,0,61.8,9380.0,13.39,0.33
531692,1,急需维护区,1,41.22,15268.0,18.56,0.71
291621,1,急需维护区,1,38.99,4493.0,20.03,0.74
987501,0,一般维护区,0,75.0,8747.0,12.34,0.61
120805,0,一般维护区,0,92.06,2285.0,14.78,0.45
581754,2,急需维护区,1,20.15,35331.0,18.08,0.93
977760,1,急需维护区,1,11.68,1679.0,19.57,0.73
494028,2,急需维护区,1,26.4,38127.0,21.75,1.08
761923,0,一般维护区,0,96.62,321.0,16.26,0.68
53719,1,急需维护区,1,65.36,5944.0,19.17,1.03
296918,0,一般维护区,0,81.06,1540.0,10.8,0.62
441948,1,急需维护区,1,40.71,9564.0,18.35,1.2
779631,2,急需维护区,1,21.91,32006.0,19.55,1.32
862613,0,一般维护区,0,88.68,1274.0,16.05,0.53
273143,0,一般维护区,0,55.2,16123.0,14.2,0.84
188750,0,一般维护区,0,100.0,2335.0,10.13,0.62
17018,2,急需维护区,1,37.78,29951.0,19.51,0.89
1025152,2,急需维护区,1,42.13,55410.0,19.57,0.71
718223,1,急需维护区,1,42.61,2691.0,17.62,0.73
992379,0,一般维护区,0,82.55,23324.0,15.31,0.84
359918,1,急需维护区,1,13.14,9127.0,18.3,0.99
841687,0,一般维护区,0,99.81,1563.0,13.69,0.62
389874,0,一般维护区,0,88.17,14020.0,13.09,0.95
543510,0,一般维护区,0,100.0,1055.0,14.58,0.84
57788,1,急需维护区,1,30.03,3863.0,18.28,0.88
679678,0,一般维护区,0,67.53,11414.0,14.47,0.41
123539,0,一般维护区,0,92.46,5229.0,13.47,0.66
961989,1,急需维护区,1,35.34,18625.0,19.76,1.27
431031,2,急需维护区,0,89.82,45881.0,15.68,1.07
264980,1,急需维护区,1,72.77,10523.0,19.32,1.0
1004094,1,急需维护区,1,50.07,21851.0,18.28,0.98
318283,0,一般维护区,0,93.49,1797.0,13.06,0.83
621082,0,一般维护区,0,82.6,28965.0,15.87,0.65
917488,0,一般维护区,0,86.93,2210.0,11.45,0.44
1030972,2,急需维护区,0,75.9,43133.0,15.47,1.04
100633,0,一般维护区,0,47.07,10805.0,11.84,1.03
117960,1,急需维护区,1,16.26,726.0,22.02,0.85
409024,1,急需维护区,1,33.92,4503.0,18.92,0.82
721207,1,急需维护区,1,30.56,2652.0,19.38,0.93
3620,0,一般维护区,0,84.13,9231.0,14.87,0.6
987585,1,急需维护区,1,36.41,16655.0,20.19,1.19
281066,0,一般维护区,0,88.77,12880.0,12.84,0.74
783108,1,急需维护区,1,11.13,1568.0,18.73,1.03
446171,0,一般维护区,0,58.27,1280.0,12.91,0.33
44668,2,急需维护区,0,62.1,40678.0,14.7,0.65
84504,0,一般维护区,0,78.26,1956.0,14.47,0.93
206155,1,急需维护区,1,31.69,12017.0,19.82,0.9
374002,0,一般维护区,0,97.2,1948.0,13.74,0.72
788810,0,一般维护区,0,100.0,31406.0,12.02,0.85
96307,0,一般维护区,0,66.4,1839.0,13.84,0.58
68178,0,一般维护区,0,85.92,2515.0,11.67,0.63
126723,1,急需维护区,1,43.55,3660.0,17.47,0.96
681485,1,急需维护区,1,37.72,1776.0,20.93,1.17
489952,2,急需维护区,0,96.61,29271.0,15.88,0.91
126015,1,急需维护区,1,25.39,3239.0,19.12,0.65
789744,0,一般维护区,0,78.29,9792.0,13.02,0.93
59113,2,急需维护区,0,79.68,31392.0,15.29,0.7
982210,0,一般维护区,0,87.83,9749.0,13.74,0.98
518056,0,一般维护区,0,79.05,260.0,16.02,0.72
317025,1,急需维护区,1,26.66,6084.0,18.47,1.11
764545,0,一般维护区,0,62.66,1250.0,11.52,0.62
806764,0,一般维护区,0,90.93,1090.0,14.01,0.63
33776,0,一般维护区,0,67.36,2079.0,15.41,0.65
82857,0,一般维护区,0,69.42,1527.0,13.81,0.62
733240,1,急需维护区,1,7.6,3644.0,19.22,0.77
591199,1,急需维护区,1,23.74,3276.0,16.93,1.04
313677,1,急需维护区,1,63.46,14773.0,17.82,1.1
781637,1,急需维护区,1,33.61,5809.0,20.0,0.78
761959,0,一般维护区,0,85.17,2382.0,12.9,0.86
48268,0,一般维护区,0,81.09,3409.0,15.38,0.78
784539,0,一般维护区,0,56.23,4459.0,13.38,0.81
866982,0,一般维护区,0,100.0,959.0,15.39,0.35
363328,0,一般维护区,0,100.0,9375.0,14.45,0.59
365822,1,急需维护区,1,20.3,6608.0,17.51,0.72
759534,1,急需维护区,1,24.18,3421.0,19.38,0.9
20905,0,一般维护区,0,61.72,3133.0,15.75,0.43
31607,1,急需维护区,1,57.53,892.0,18.08,1.02
27314,0,一般维护区,0,100.0,2018.0,15.1,0.55
1036289,0,一般维护区,0,79.69,2078.0,15.67,1.12
62153,0,一般维护区,0,62.81,1968.0,14.83,0.62
110647,1,急需维护区,1,33.05,6245.0,19.43,0.72
407502,1,急需维护区,1,9.89,1358.0,18.67,1.21
837635,0,一般维护区,0,78.02,13008.0,14.74,1.11
696930,0,一般维护区,0,87.96,3598.0,15.08,0.6
977232,0,一般维护区,0,72.25,2449.0,13.14,0.77
289198,0,一般维护区,0,62.37,13776.0,15.34,0.57
706362,1,急需维护区,1,57.24,3325.0,18.29,1.11
908709,1,急需维护区,1,33.03,16872.0,20.16,0.9
672002,0,一般维护区,0,83.54,1746.0,12.51,0.35
87844,2,急需维护区,1,37.5,25247.0,17.87,0.92
813899,0,一般维护区,0,90.27,6020.0,12.95,1.21
814419,0,一般维护区,0,89.38,3711.0,13.52,0.86
813022,0,一般维护区,0,71.17,15573.0,12.4,0.79
310453,1,急需维护区,1,22.87,1836.0,19.66,0.89
960995,1,急需维护区,1,25.95,16762.0,19.01,0.86
538774,0,一般维护区,0,83.92,1404.0,15.65,0.67
702904,0,一般维护区,0,86.58,8393.0,16.15,0.76
596834,1,急需维护区,1,4.84,2698.0,18.74,0.93
890929,1,急需维护区,1,23.84,21559.0,18.69,1.28
24376,1,急需维护区,1,24.7,7505.0,18.4,1.11
362600,0,一般维护区,0,100.0,14450.0,14.28,0.53
139881,0,一般维护区,0,83.64,4374.0,13.2,0.91
805564,2,急需维护区,0,56.84,32547.0,13.21,1.0
757316,1,急需维护区,1,9.53,1143.0,19.53,0.65
360235,1,急需维护区,1,35.25,3237.0,20.11,0.92
480588,1,急需维护区,1,38.77,1922.0,20.47,0.89
1034386,1,急需维护区,1,17.57,18600.0,18.14,0.96
944773,0,一般维护区,0,94.68,-163.0,16.34,0.35
228764,1,急需维护区,1,40.14,4207.0,18.98,0.86
519552,2,急需维护区,1,36.25,34412.0,19.94,1.07
597295,1,急需维护区,1,36.24,18422.0,18.53,1.05
430618,0,一般维护区,0,72.8,3100.0,15.1,0.55
791991,2,急需维护区,0,79.87,26807.0,16.78,1.15
646541,1,急需维护区,1,23.28,23339.0,18.69,1.0
149822,1,急需维护区,1,48.57,3616.0,16.78,0.89
449578,2,急需维护区,0,72.16,62754.0,16.31,1.23
267731,1,急需维护区,1,51.88,2430.0,18.07,0.91
708586,1,急需维护区,1,25.61,2533.0,18.59,1.31
529591,0,一般维护区,0,84.28,16564.0,15.25,0.91
423280,1,急需维护区,1,48.7,3219.0,18.59,1.11
151893,0,一般维护区,0,75.12,7148.0,14.24,0.93
257135,1,急需维护区,1,49.28,18428.0,18.56,0.64
484795,0,一般维护区,0,90.85,2197.0,13.67,0.72
691342,1,急需维护区,1,0.0,925.0,18.9,1.19
231525,1,急需维护区,1,52.21,3246.0,19.21,0.95
319214,1,急需维护区,1,13.3,20605.0,18.92,0.88
196090,2,急需维护区,1,29.27,54166.0,19.72,1.14
531620,0,一般维护区,0,76.88,1980.0,12.73,0.48
942264,0,一般维护区,0,83.97,2897.0,12.02,0.95
937775,1,急需维护区,1,7.79,18205.0,19.36,1.16
17537,0,一般维护区,0,85.49,3439.0,15.32,0.74
759508,0,一般维护区,0,100.0,8803.0,15.51,1.14
272190,0,一般维护区,0,69.98,7994.0,15.95,0.86
854156,2,急需维护区,1,10.88,36714.0,20.1,1.15
412848,1,急需维护区,1,37.92,4720.0,18.45,1.5
68985,1,急需维护区,1,0.0,20766.0,21.1,1.03
539514,0,一般维护区,0,79.33,17248.0,13.06,1.02
795082,1,急需维护区,1,6.99,10706.0,17.91,1.07
1014290,0,一般维护区,0,84.63,4417.0,12.74,0.72
815166,1,急需维护区,1,13.18,16324.0,18.64,1.0
440553,1,急需维护区,1,12.52,7080.0,19.39,0.9
904579,1,急需维护区,1,48.97,6917.0,19.95,1.07
727900,1,急需维护区,1,0.0,1790.0,19.5,1.0
112832,1,急需维护区,1,45.01,3355.0,18.2,1.16
967003,1,急需维护区,1,4.61,5668.0,19.49,0.36
209887,1,急需维护区,1,46.68,2287.0,19.99,1.47
591508,1,急需维护区,1,43.16,9898.0,20.01,1.17
459687,1,急需维护区,1,35.77,1403.0,21.05,0.94
1019816,0,一般维护区,0,100.0,702.0,13.38,0.98
716741,2,急需维护区,0,100.0,39183.0,18.1,0.88
1048856,1,急需维护区,1,21.83,11726.0,17.46,0.82
486714,1,急需维护区,1,29.23,15686.0,18.89,0.98
814830,0,一般维护区,0,66.36,2533.0,17.47,0.77
150157,1,急需维护区,1,50.79,3124.0,18.58,0.94
422736,2,急需维护区,0,100.0,43738.0,14.26,0.46
173454,1,急需维护区,1,27.4,14945.0,19.17,0.99
767089,1,急需维护区,1,56.92,15232.0,19.41,0.98
188066,0,一般维护区,0,83.54,2946.0,12.57,0.59
614523,1,急需维护区,1,26.82,24607.0,19.32,0.91
93043,0,一般维护区,0,64.72,2567.0,13.42,1.07
900088,0,一般维护区,0,67.04,18132.0,14.72,1.18
31177,0,一般维护区,0,97.03,2278.0,15.65,0.61
203021,1,急需维护区,1,17.53,13997.0,20.89,1.12
836252,1,急需维护区,1,40.57,14846.0,19.27,1.02
575483,0,一般维护区,1,53.16,1804.0,17.88,0.6
120568,1,急需维护区,1,63.44,2503.0,19.07,0.77
641001,0,一般维护区,0,63.55,19163.0,13.31,0.46
565445,0,一般维护区,0,83.66,9690.0,12.95,0.89
695916,1,急需维护区,1,22.85,12276.0,18.51,1.1
734958,0,一般维护区,0,84.4,25096.0,14.74,0.79
123033,0,一般维护区,0,100.0,14855.0,12.48,0.71
47312,0,一般维护区,0,88.96,8166.0,13.97,0.73
772461,0,一般维护区,0,84.84,6669.0,13.21,0.34
580710,0,一般维护区,0,96.16,1890.0,15.12,0.81
703719,1,急需维护区,1,21.01,2068.0,17.53,0.89
170608,0,一般维护区,0,97.07,12897.0,15.67,0.78
542921,0,一般维护区,0,100.0,14826.0,15.84,0.78
464708,2,急需维护区,1,38.82,72132.0,19.36,1.03
653900,2,急需维护区,0,64.62,24341.0,16.83,0.91
767176,1,急需维护区,1,23.81,6804.0,18.82,1.17
768294,1,急需维护区,1,30.19,3896.0,19.57,0.97
693897,0,一般维护区,0,70.84,23575.0,14.63,0.68
204625,2,急需维护区,1,39.22,35775.0,20.46,1.03
483696,1,急需维护区,1,17.52,24936.0,20.78,0.95
652213,0,一般维护区,0,98.16,14040.0,14.13,0.7
61746,1,急需维护区,1,23.51,14736.0,21.37,1.09
283701,1,急需维护区,1,43.54,10157.0,18.57,1.16
175435,1,急需维护区,1,25.09,6675.0,19.05,0.79
688939,2,急需维护区,0,76.48,37878.0,14.93,0.63
553155,1,急需维护区,1,28.79,7197.0,18.68,0.97
304557,0,一般维护区,0,64.94,2760.0,13.87,0.85
137357,0,一般维护区,0,98.25,1278.0,14.79,0.67
641377,1,急需维护区,1,37.17,17912.0,20.58,0.81
159675,0,一般维护区,0,79.7,8714.0,12.99,0.87
672631,0,一般维护区,0,100.0,1823.0,13.27,0.56
1023312,1,急需维护区,1,33.11,3636.0,18.72,1.28
430202,1,急需维护区,1,65.54,2689.0,18.56,0.78
950271,1,急需维护区,1,40.8,7771.0,20.92,1.31
185982,1,急需维护区,1,50.47,20982.0,19.83,1.06
594820,1,急需维护区,1,14.71,27189.0,18.98,0.98
934954,1,急需维护区,1,11.93,1913.0,18.74,1.17
683598,0,一般维护区,0,96.23,24916.0,15.81,0.83
890553,1,急需维护区,1,19.01,2187.0,18.15,0.79
592358,1,急需维护区,1,22.06,4545.0,19.92,0.98
628612,0,一般维护区,0,70.75,14997.0,11.83,0.71
191115,0,一般维护区,0,54.0,7999.0,13.92,0.77
770803,2,急需维护区,1,21.7,34823.0,22.06,0.78
771011,1,急需维护区,1,10.33,2607.0,17.0,0.86
845026,1,急需维护区,1,23.07,1980.0,18.17,0.93
942972,0,一般维护区,0,67.73,18516.0,14.53,0.97
707230,1,急需维护区,1,62.77,4877.0,18.63,1.05
637048,1,急需维护区,1,59.24,2129.0,18.35,0.9
785422,0,一般维护区,0,84.73,25192.0,13.54,0.7
785898,1,急需维护区,1,39.07,1377.0,19.43,1.27
568578,1,急需维护区,1,63.88,1587.0,17.96,0.95
950448,0,一般维护区,0,69.57,14470.0,14.19,0.5
685876,0,一般维护区,0,100.0,2472.0,13.28,0.29
4902,0,一般维护区,0,100.0,1696.0,13.35,0.6
209927,1,急需维护区,1,12.9,2903.0,19.97,0.87
377413,0,一般维护区,0,73.95,4334.0,14.59,0.57
297947,2,急需维护区,0,99.07,42249.0,18.31,0.41
674115,1,急需维护区,1,38.48,3456.0,17.91,1.02
698027,0,一般维护区,0,66.18,1588.0,12.52,0.51
529409,1,急需维护区,1,35.71,4194.0,19.59,1.19
930403,2,急需维护区,1,47.04,58612.0,20.01,1.29
907727,0,一般维护区,0,98.85,5167.0,14.02,1.08
152982,0,一般维护区,0,73.81,1704.0,12.68,0.57
410486,1,急需维护区,1,49.0,1653.0,18.7,0.87
836655,1,急需维护区,1,36.68,1985.0,20.31,1.09
209953,1,急需维护区,1,60.46,-403.0,20.24,0.9
523867,1,急需维护区,1,29.7,15926.0,18.11,0.8
639628,1,急需维护区,1,34.24,7061.0,21.26,1.11
228108,1,急需维护区,1,45.53,12325.0,19.6,1.2
483553,1,急需维护区,0,53.5,41.0,15.3,1.01
205469,0,一般维护区,0,97.62,5471.0,11.48,0.63
831739,2,急需维护区,1,9.7,60650.0,19.57,0.81
499681,0,一般维护区,0,85.79,11574.0,14.89,0.69
379760,1,急需维护区,1,21.95,3651.0,19.8,1.04
774204,0,一般维护区,0,93.14,773.0,12.02,0.61
274679,1,急需维护区,1,20.24,1859.0,20.04,0.76
718982,1,急需维护区,1,13.73,2287.0,20.69,0.97
902839,1,急需维护区,1,35.79,19478.0,17.21,1.18
779700,0,一般维护区,0,65.71,9981.0,15.06,0.9
605845,1,急需维护区,1,45.89,17533.0,18.43,0.83
920701,0,一般维护区,0,76.39,22425.0,16.97,0.5
999384,0,一般维护区,0,99.61,997.0,15.58,0.76
442037,0,一般维护区,0,60.06,5343.0,13.43,0.71
531272,0,一般维护区,0,81.16,8494.0,11.73,0.68
719837,0,一般维护区,0,76.44,7748.0,17.95,0.74
488476,0,一般维护区,0,100.0,26647.0,14.92,0.69
183012,1,急需维护区,1,49.01,13777.0,19.36,0.96
60521,0,一般维护区,0,67.84,9834.0,13.62,0.56
980089,0,一般维护区,0,93.35,1440.0,12.16,0.43
436570,0,一般维护区,0,73.52,9032.0,15.73,0.82
934804,2,急需维护区,0,100.0,39691.0,15.28,0.77
159851,1,急需维护区,1,41.04,2792.0,18.86,1.03
221995,1,急需维护区,1,17.05,17455.0,20.44,0.85
348400,0,一般维护区,0,73.66,4020.0,13.63,0.82
805046,0,一般维护区,0,100.0,18887.0,14.23,0.99
526557,1,急需维护区,1,51.95,3827.0,19.6,1.16
213402,0,一般维护区,0,87.62,17333.0,14.48,0.67
703332,0,一般维护区,0,61.44,6722.0,15.33,0.73
795458,2,急需维护区,1,12.67,32762.0,20.99,0.87
259802,1,急需维护区,1,32.47,1866.0,18.66,0.92
1021063,1,急需维护区,1,24.23,1799.0,19.77,0.95
448885,0,一般维护区,0,53.57,11083.0,14.85,0.67
168775,1,急需维护区,1,16.0,1524.0,17.45,0.93
702323,1,急需维护区,1,31.72,5054.0,19.1,0.73
155807,2,急需维护区,1,0.0,32462.0,19.15,1.02
475254,0,一般维护区,0,80.24,3537.0,11.4,0.55
356638,0,一般维护区,0,58.61,929.0,13.94,0.54
101357,0,一般维护区,0,96.65,18.0,16.5,0.66
84241,1,急需维护区,1,45.45,2210.0,20.54,1.12
491600,1,急需维护区,1,23.74,6554.0,17.75,0.93
170251,2,急需维护区,1,72.26,21834.0,19.63,0.83
314015,1,急需维护区,1,8.63,3261.0,20.23,0.95
65272,1,急需维护区,1,31.97,1954.0,19.05,0.93
482233,1,急需维护区,1,12.19,2698.0,17.7,1.14
479826,1,急需维护区,1,19.85,3855.0,18.9,0.99
178772,1,急需维护区,1,55.55,4685.0,18.8,0.87
838033,0,一般维护区,0,100.0,13998.0,15.23,0.86
739136,2,急需维护区,0,63.56,28175.0,15.4,1.06
27872,1,急需维护区,1,16.41,3655.0,19.21,0.95
224537,1,急需维护区,1,11.71,22800.0,19.03,1.43
49932,0,一般维护区,0,100.0,5517.0,14.87,0.51
925181,1,急需维护区,1,26.74,17053.0,17.24,0.88
246789,1,急需维护区,1,40.64,2787.0,19.64,0.99
711783,0,一般维护区,0,100.0,1833.0,14.93,0.73
503613,2,急需维护区,1,30.13,59552.0,18.38,1.17
187014,1,急需维护区,1,36.78,3399.0,19.56,0.86
99868,0,一般维护区,0,76.2,971.0,14.88,0.79
1000905,0,一般维护区,0,57.07,165.0,13.45,0.73
39832,1,急需维护区,1,32.28,1813.0,21.01,1.27
121152,0,一般维护区,0,96.03,1203.0,11.88,0.69
843639,1,急需维护区,1,38.0,3173.0,19.3,0.88
856592,0,一般维护区,0,82.44,8286.0,14.48,0.95
382253,1,急需维护区,1,47.94,2937.0,19.34,1.07
460147,0,一般维护区,0,93.5,5443.0,14.1,0.86
470906,1,急需维护区,1,7.19,2344.0,19.12,1.16
222708,0,一般维护区,0,88.2,17394.0,17.31,0.8
944964,1,急需维护区,1,22.15,905.0,19.58,0.64
662406,1,急需维护区,1,15.46,28564.0,20.53,0.81
380194,1,急需维护区,1,32.68,3064.0,19.94,0.92
671723,0,一般维护区,0,61.98,1812.0,12.73,0.75
413328,1,急需维护区,1,35.84,4052.0,20.59,0.74
700715,1,急需维护区,1,31.33,13771.0,21.42,1.09
528838,0,一般维护区,0,82.7,14593.0,13.52,1.08
826248,1,急需维护区,1,16.91,4484.0,18.89,1.08
883859,0,一般维护区,0,100.0,11274.0,14.4,0.91
400031,0,一般维护区,0,56.27,1523.0,15.89,0.43
1014134,0,一般维护区,0,73.31,22422.0,15.44,1.0
51230,0,一般维护区,0,89.43,5309.0,13.12,0.77
207846,1,急需维护区,1,51.59,15799.0,19.59,0.77
341448,1,急需维护区,1,37.51,845.0,17.94,1.19
322597,1,急需维护区,1,41.13,2843.0,19.71,1.06
118910,1,急需维护区,1,23.37,4496.0,18.85,0.85
321105,1,急需维护区,1,31.26,3637.0,20.6,0.94
913039,0,一般维护区,0,77.69,370.0,13.1,0.41
168398,1,急需维护区,1,19.97,2274.0,19.5,1.11
1034364,0,一般维护区,0,83.94,2902.0,16.69,0.59
553929,0,一般维护区,0,84.81,18748.0,13.14,0.83
824947,1,急需维护区,1,2.47,3794.0,17.41,1.78
800987,2,急需维护区,0,91.42,31765.0,16.26,0.72
752731,1,急需维护区,1,42.79,1562.0,18.75,1.1
95607,1,急需维护区,1,27.42,2482.0,18.44,0.92
109382,1,急需维护区,1,48.44,4948.0,18.27,1.25
555607,0,一般维护区,0,72.99,13935.0,13.0,0.7
868262,2,急需维护区,0,100.0,52993.0,15.76,0.81
1010576,1,急需维护区,1,18.22,4230.0,17.8,1.44
673481,0,一般维护区,0,80.2,943.0,15.85,1.03
313515,0,一般维护区,0,100.0,2770.0,11.34,0.4
829472,0,一般维护区,0,53.23,2300.0,13.19,0.98
290937,2,急需维护区,0,87.4,37625.0,15.73,0.74
506410,0,一般维护区,0,74.67,8174.0,13.95,0.56
226793,0,一般维护区,0,76.99,19776.0,14.87,0.69
824176,0,一般维护区,0,77.89,9656.0,13.45,0.91
553943,1,急需维护区,1,36.97,1245.0,20.49,0.84
516343,0,一般维护区,0,83.15,2355.0,13.76,0.65
223061,2,急需维护区,0,92.66,37946.0,16.97,1.13
592679,1,急需维护区,1,70.16,3487.0,18.54,0.78
292798,0,一般维护区,0,71.87,1602.0,11.74,0.72
397846,0,一般维护区,0,76.81,5584.0,11.11,1.06
933260,1,急需维护区,1,0.0,339.0,18.37,1.2
918245,0,一般维护区,0,95.44,5553.0,14.56,0.55
110511,1,急需维护区,1,37.85,3408.0,20.72,1.28
1025502,0,一般维护区,0,90.02,2430.0,14.7,0.5
1048906,1,急需维护区,1,53.7,11415.0,19.17,0.79
321040,0,一般维护区,0,72.25,2447.0,14.38,0.44
247637,1,急需维护区,1,38.32,1211.0,17.38,0.91
977247,0,一般维护区,0,88.33,8836.0,15.29,0.82
325632,1,急需维护区,1,35.76,24640.0,18.06,1.32
284851,2,急需维护区,0,100.0,56713.0,15.73,0.79
441797,2,急需维护区,0,83.06,40223.0,17.29,0.55
596279,0,一般维护区,0,91.55,12157.0,13.2,0.87
67909,2,急需维护区,0,61.47,50396.0,14.74,0.67
109745,2,急需维护区,1,34.18,45939.0,19.97,0.94
135525,1,急需维护区,1,27.99,8094.0,17.55,0.62
426680,2,急需维护区,1,43.72,34042.0,19.04,1.08
89268,0,一般维护区,0,75.41,2635.0,13.44,0.71
585682,1,急需维护区,1,24.0,22716.0,19.43,1.12
640609,2,急需维护区,0,80.41,35863.0,13.54,0.94
865971,1,急需维护区,1,45.91,1195.0,18.99,1.17
350948,1,急需维护区,1,26.87,1843.0,17.85,1.31
1031782,0,一般维护区,0,75.85,19247.0,15.02,0.72
298656,0,一般维护区,0,100.0,1295.0,16.22,0.33
777703,1,急需维护区,1,34.37,18425.0,19.61,0.98
3748,1,急需维护区,1,13.94,1158.0,20.07,0.85
788303,1,急需维护区,1,37.04,8023.0,20.66,0.99
677882,1,急需维护区,1,6.44,1600.0,18.54,0.73
362775,1,急需维护区,1,5.88,3259.0,17.96,0.75
383907,1,急需维护区,1,43.08,6146.0,19.08,1.24
829715,1,急需维护区,1,65.35,4007.0,18.73,0.93
934810,0,一般维护区,0,61.69,3647.0,14.75,0.2
430738,0,一般维护区,0,73.66,1834.0,13.99,0.68
388572,1,急需维护区,1,49.8,17871.0,19.94,0.98
