Solution,N (Tourists),Profit,Impact,Satisfaction
Solution 1,100000.0,-1612000.0,9.0,0.71
Solution 2,1935246.6889292458,3017.0862577364314,174.17220200363212,0.64
Solution 3,2000000.0,60000.00000000023,180.0,0.64
Solution 4,199986.22426722583,-1524012.1226448412,17.998760184050326,0.879976581254284
Solution 5,1454890.2587849789,-419696.5722692185,130.9401232906481,0.64
Solution 6,296871.29991227086,-1438753.2560772016,26.718416992104377,0.8509386100263188
Solution 7,1524199.3836816524,-358704.5423601456,137.1779445313487,0.64
Solution 8,728430.3019779868,-1058981.3342593715,65.55872717801881,0.721470909406604
Solution 9,323197.68108502723,-1415586.040645176,29.08779129765245,0.8430406956744918
Solution 10,280056.54942879174,-1453550.2365026632,25.205089448591256,0.8559830351713625
Solution 11,1194599.7735341815,-648752.19928992,107.51397961807633,0.64
Solution 12,709256.1661604899,-1075854.5737787688,63.83305495444409,0.727223150151853
Solution 13,521472.58088237455,-1241104.1288235104,46.93253227941372,0.7835582257352877
Solution 14,743340.0238411166,-1045860.7790198174,66.90060214570049,0.7169979928476651
Solution 15,240610.40214749431,-1488262.846110205,21.65493619327449,0.8678168793557517
Solution 16,1594688.4510414088,-296674.16308356007,143.5219605937268,0.64
Solution 17,829884.2668024926,-969701.8452138064,74.68958401222433,0.6910347199592523
Solution 18,375758.7751893349,-1369332.2778333852,33.81828976704014,0.8272723674431995
Solution 19,469422.4763255997,-1286908.2208334722,42.24802286930398,0.7991732571023201
Solution 20,259634.27318180204,-1471521.839600014,23.367084586362186,0.8621097180454594
Solution 21,430505.00022118574,-1321155.5998053565,38.74545001990672,0.8108484999336443
Solution 22,492047.12656103185,-1266998.528626292,44.28424139049287,0.7923858620316905
Solution 23,456395.32464312867,-1298372.1143140467,41.075579217881575,0.8030814026070614
Solution 24,539624.4422509373,-1225130.490819175,48.566199802584364,0.7781126673247188
Solution 25,226528.60354889045,-1500654.8288769764,20.38757431940014,0.8720414189353328
Solution 26,1842498.5137206954,-78601.30792578775,165.8248662348626,0.64
Solution 27,1160172.9139184211,-679047.8357517892,104.4155622526579,0.64
Solution 28,352921.54474392737,-1389429.040625344,31.762939026953465,0.8341235365768218
Solution 29,902620.0570377314,-905694.3498067963,81.23580513339583,0.6692139828886806
Solution 30,482671.8472624105,-1275248.7744090788,43.44046625361694,0.7951984458212769
Solution 31,1078935.9418749898,-750536.3711500089,97.10423476874908,0.64
Solution 32,1225059.7635840587,-621947.4080460281,110.2553787225653,0.64
Solution 33,682958.905036368,-1098996.1635679961,61.466301453273125,0.7351123284890896
Solution 34,139422.52897999197,-1577308.1744976072,12.548027608199277,0.7770182992659863
Solution 35,627111.2904167488,-1148142.0644332608,56.44001613750739,0.7518666128749754
Solution 36,266839.0958153238,-1465181.595682515,24.015518623379144,0.8599482712554029
Solution 37,166048.8924210999,-1553876.974669432,14.944400317898992,0.8222831171158699
Solution 38,607876.8742493619,-1165068.3506605616,54.70891868244257,0.7576369377251915
Solution 39,1551102.6743084576,-335029.6466085571,139.5992406877612,0.64
Solution 40,1141894.6888708936,-695132.6737936136,102.77052199838043,0.64
Solution 41,214272.80896783448,-1511439.9281083057,19.284552807105104,0.8757181573096496
Solution 42,415099.49759941146,-1334712.442112518,37.35895478394703,0.8154701507201766
Solution 43,842753.5006498026,-958376.9194281736,75.84781505848223,0.6871739498050592
Solution 44,617185.4495611757,-1156876.8043861655,55.546690460505815,0.7548443651316473
Solution 45,1116536.7694740626,-717447.6428628248,100.48830925266564,0.64
Solution 46,1418676.8666423694,-451564.35735471477,127.68091799781327,0.64
Solution 47,800442.2289302148,-995610.838541411,72.03980060371934,0.6998673313209356
Solution 48,193472.40897935553,-1529744.2800981672,17.412516808142,0.8689030952649045
Solution 49,815646.8676831872,-982230.7564387951,73.40821809148686,0.6953059396950438
Solution 50,789232.4975610031,-1005475.4021463172,71.03092478049028,0.7032302507316991
Solution 51,1283337.8600657769,-570662.6831421163,115.5004074059199,0.64
Solution 52,984463.3251891157,-833672.2738335781,88.60169926702041,0.6446610024432653
Solution 53,756016.3176401795,-1034705.6404766418,68.04146858761617,0.7131951047079461
Solution 54,699888.7752785495,-1084097.8777548764,62.98998977506946,0.7300333674164352
Solution 55,974716.269922363,-842249.6824683205,87.72446429301269,0.6475851190232911
Solution 56,1318866.9015334,-539397.1266506079,118.69802113800598,0.64
Solution 57,1042744.1201695048,-782385.1742508357,93.84697081525545,0.64
Solution 58,508417.43035832746,-1252592.6612846719,45.757568732249474,0.7874747708925018
Solution 59,773111.9211448941,-1019661.509392493,69.58007290304047,0.7080664236565317
Solution 60,951480.3544014804,-862697.2881266972,85.63323189613324,0.6545558936795559
Solution 61,343013.46431780304,-1398148.1514003333,30.871211788602274,0.8370959607046591
Solution 62,782656.8717183992,-1011261.9528878087,70.43911845465593,0.7052029384844802
Solution 63,1969051.7920687923,32765.57702053734,177.2146612861913,0.64
Solution 64,1815442.0694399227,-102410.97889286769,163.38978624959304,0.64
Solution 65,866609.5548467722,-937383.5917348404,77.99485993620951,0.6800171335459684
Solution 66,444296.70065477095,-1309018.9034238015,39.986703058929386,0.8067109898035687
Solution 67,1745310.1836296376,-164127.03840591875,157.0779165266674,0.64
Solution 68,888636.813044955,-917999.6045204395,79.97731317404596,0.6734089560865135
Solution 69,926248.9036449229,-884900.9647924678,83.36240132804308,0.6621253289065232
Solution 70,941035.8930158005,-871888.4141460955,84.69323037142205,0.6576892320952599
Solution 71,998213.2132699718,-821572.3723224247,89.83918919429748,0.6405360360190084
Solution 72,1774071.690360895,-138816.9124824123,159.66645213248054,0.64
Solution 73,914177.3620754896,-895523.921373569,82.27596258679407,0.6657467913773532
Solution 74,665608.7838930733,-1114264.2701740954,59.9047905503766,0.740317364832078
Solution 75,206740.41944535566,-1518068.430888087,18.606637750082008,0.8779778741663933
Solution 76,688586.0420095817,-1094044.283031568,61.97274378086236,0.7334241873971254
Solution 77,641419.922599461,-1135550.4681124743,57.72779303395149,0.7475740232201618
Solution 78,876568.2135136863,-928619.972107956,78.89113921623178,0.6770295359458941
Solution 79,112664.4688865252,-1600855.2673798578,10.139802199787269,0.7315295971070929
Solution 80,565316.4677521255,-1202521.5083781295,50.8784820976913,0.7704050596743623
Solution 81,1698045.5636959316,-205719.90394758014,152.82410073263387,0.64
Solution 82,441063.1063233599,-1311864.4664354431,39.69567956910239,0.807681068102992
Solution 83,992195.2098141535,-826868.2153635449,89.29756888327381,0.642341437055754
Solution 84,957658.863640701,-857260.1999961829,86.1892977276631,0.6527023409077897
Solution 85,1993325.1526154748,54126.13430161821,179.39926373539274,0.64
Solution 86,549003.4618101064,-1216876.9536071063,49.41031156290958,0.7752989614569681
Solution 87,1662850.183499886,-236691.8385201001,149.65651651498976,0.64
Solution 88,1909918.3081616494,-19271.888817748288,171.89264773454846,0.64
Solution 89,1248101.0945643429,-601671.0367833781,112.32909851079087,0.64
Solution 90,1779775.7508648105,-133797.33923896658,160.17981757783298,0.64
Solution 91,1806550.4279608356,-110235.62339446438,162.58953851647522,0.64
Solution 92,329992.4292768282,-1409606.662236391,29.699318634914533,0.8410022712169516
Solution 93,1357420.348174622,-505470.09360633255,122.167831335716,0.64
Solution 94,386648.5688019085,-1359749.2594543204,34.798371192171764,0.8240054293594274
Solution 95,1339141.861839466,-521555.1615812697,120.52276756555194,0.64
Solution 96,399121.8419948718,-1348772.7790445127,35.92096577953846,0.8202634474015384
Solution 97,176181.34553995475,-1544960.4159248397,15.856321098595929,0.8395082874179232
Solution 98,117391.84912197062,-1596695.172772666,10.565266420977357,0.7395661435073501
Solution 99,554897.2748930638,-1211690.3980941037,49.940754740375745,0.7735308175320809
Solution 100,925956.0372240737,-885158.6872428152,83.33604335016662,0.6622131888327779
