ID,PCI,RT,AADT,AT,AR,R,IRI,NM,YSM
361555,87.09,2,4424,1,50.26,14.78,0.86,0,5
543474,32.71,2,19283,2,79.99,19.24,0.92,1,8
680773,27.42,1,3442,1,75.16,19.69,0.79,1,18
573017,53.42,1,1697,1,54.76,12.94,0.73,0,2
196055,78.49,1,1906,1,51.42,13.74,1.13,0,6
24032,37.95,1,5084,2,70.97,17.92,1.06,1,5
295127,54.86,2,12722,1,63.61,15.28,0.98,0,6
152532,87.14,2,7549,1,60.78,14.88,0.6,0,7
805698,20.52,1,1981,2,74.4,18.68,1.03,1,6
532179,32.58,2,11485,2,77.97,17.87,0.94,1,6
162493,16.65,1,2871,1,93.94,19.29,1.07,1,20
45573,91.99,2,4786,1,49.74,14.45,0.48,0,4
195949,85.06,1,2219,2,57.65,13.51,0.8,0,1
812861,42.89,3,38137,2,61.51,18.04,1.32,1,21
968765,4.15,3,78486,1,83.76,18.58,0.49,1,13
925933,45.01,2,17639,2,96.16,19.08,0.76,1,5
1015055,62.55,3,16719,1,34.62,16.7,0.97,0,4
833245,44.33,3,20127,2,75.23,19.34,1.0,1,7
214766,32.45,2,6908,2,91.93,18.38,1.4,1,5
174578,37.14,1,2504,2,72.04,19.39,1.15,1,8
589342,37.84,2,15505,2,93.37,18.99,0.82,1,12
29676,100.0,3,37355,1,37.82,12.49,0.65,0,2
393870,41.53,1,1991,2,75.25,18.78,0.86,1,8
335029,87.95,1,1729,1,37.64,11.44,0.54,0,5
872039,15.44,2,12525,2,85.48,19.88,1.13,1,6
429795,9.18,1,3365,2,91.18,18.78,0.91,1,5
920179,55.87,3,32515,1,47.59,16.49,0.91,0,7
20057,74.78,2,13140,1,48.51,14.43,1.06,0,3
193165,23.84,1,3733,2,68.64,20.27,0.98,1,6
288921,61.1,1,347,2,67.84,15.17,0.77,0,1
148295,100.0,1,1691,1,48.63,13.27,0.67,0,5
1041989,82.62,1,1899,1,69.65,14.73,0.57,0,6
962316,91.82,1,2117,1,58.5,14.08,0.62,0,5
663259,53.56,1,771,1,58.12,12.93,0.56,0,5
347744,35.3,2,5788,2,72.35,17.36,0.78,1,5
322938,24.82,3,36802,2,67.94,19.05,0.68,1,7
978790,77.07,1,1862,1,43.08,14.25,0.75,0,8
147264,100.0,3,40536,1,52.35,16.92,0.68,0,3
107102,0.0,1,3437,2,69.77,17.73,0.92,1,11
627171,19.7,2,16012,2,81.91,18.86,0.95,1,5
540058,94.36,2,14133,1,37.5,13.49,0.41,0,2
897773,67.33,1,2249,1,43.66,16.05,0.3,0,6
423256,43.8,2,13052,1,36.89,14.36,0.71,0,8
1254,50.25,2,10844,1,56.34,14.4,0.95,0,3
332989,15.88,1,1988,1,87.49,18.92,0.94,1,13
877775,27.55,2,17787,1,73.41,18.21,0.74,1,13
304249,33.23,2,12112,1,54.97,12.94,0.95,0,6
386409,72.05,2,13073,1,57.24,12.67,0.85,0,8
394836,70.81,3,37293,1,50.45,14.46,0.82,0,4
133421,85.21,2,7836,1,53.99,12.88,0.23,0,4
213907,61.03,2,6957,1,59.7,14.62,0.89,0,7
845599,69.93,1,2426,1,53.95,14.26,1.21,0,2
144328,24.31,1,2146,2,62.15,18.42,1.07,1,5
439431,27.21,1,2857,2,73.79,21.75,1.03,1,12
573303,49.7,3,17878,2,50.42,13.22,0.89,0,2
987289,51.68,1,5514,2,68.7,19.13,1.03,1,11
369511,82.75,1,870,1,58.7,12.49,1.13,0,9
744783,72.21,1,1992,2,43.2,12.25,0.46,0,1
497983,69.96,1,903,1,35.43,11.62,1.0,0,5
346425,49.27,3,26332,1,59.0,15.48,0.55,0,5
665995,36.55,2,26454,2,62.93,19.18,0.82,1,5
417090,59.34,3,18933,1,40.26,11.02,0.67,0,2
450143,82.01,1,1312,1,50.83,13.65,0.46,0,3
87426,86.06,3,20608,1,40.42,12.12,0.66,0,7
794650,32.28,1,1636,2,89.6,17.69,1.35,1,7
668085,92.63,1,1817,1,42.74,12.49,0.85,0,2
384275,77.57,2,7230,1,53.09,13.02,1.08,0,6
150527,62.09,2,11291,2,72.64,19.55,1.18,1,16
564962,99.5,1,1483,1,55.11,16.31,0.74,0,2
421759,69.45,2,7773,2,39.59,12.63,0.61,0,1
585291,46.49,1,2388,1,57.39,13.89,0.71,0,8
860703,87.36,1,1462,2,47.96,14.34,0.55,0,1
717975,47.12,3,51497,2,71.68,18.38,0.95,1,5
10721,46.42,3,25602,1,72.4,18.76,1.17,1,15
193242,89.11,2,31537,2,53.65,12.75,0.86,0,2
684462,7.97,1,4447,2,74.07,18.34,1.02,1,6
906926,14.34,2,12039,2,82.92,19.08,0.69,1,7
428394,73.6,3,24832,1,44.1,13.93,1.02,0,6
594162,53.51,1,4287,2,81.17,21.2,1.07,1,7
726700,95.51,2,2412,2,57.44,12.37,0.42,0,1
647800,70.74,1,2096,1,44.73,12.05,0.88,0,2
858848,19.51,2,15224,2,69.59,19.58,1.36,1,8
381346,89.53,1,411,1,18.13,9.63,0.32,0,3
572058,43.02,2,7442,2,98.07,19.7,0.97,1,4
32622,59.16,3,25131,1,63.36,14.8,0.84,0,4
852739,85.03,3,30435,1,52.49,15.67,0.88,0,3
612757,26.78,1,4517,2,69.51,18.26,0.74,1,25
924042,81.56,1,2618,1,47.1,12.72,0.59,0,3
622955,47.62,2,20057,2,85.08,19.67,1.08,1,6
522873,60.6,1,574,1,52.07,11.9,0.49,0,3
589715,12.03,3,31268,1,77.65,18.66,0.8,1,12
430753,92.17,2,-1096,1,49.18,14.21,0.65,0,7
753165,81.04,3,26494,2,48.23,14.42,0.82,0,1
929015,75.62,3,26968,1,26.88,13.89,0.81,0,4
442326,23.64,1,180,2,64.39,18.8,1.11,1,4
788593,94.87,2,5310,2,49.08,14.81,0.55,0,1
334749,76.0,1,443,1,62.4,15.82,0.58,0,3
756198,14.06,1,3660,2,99.0,17.56,0.7,1,5
923875,83.98,2,11589,1,65.96,14.67,0.52,0,6
469796,86.57,3,20699,2,49.09,18.02,0.51,0,2
271579,91.88,3,17122,1,49.4,13.82,0.7,0,6
817107,22.96,2,23320,2,74.87,17.98,1.01,1,5
121174,87.17,2,7213,1,42.05,13.59,0.51,0,7
731756,72.2,2,8799,2,53.96,12.59,0.76,0,2
730463,96.56,1,1088,1,58.09,15.16,0.33,0,4
276577,58.39,2,11409,2,88.87,20.32,0.86,1,5
373897,9.41,2,5705,2,90.96,20.11,0.57,1,12
30447,50.92,2,12788,2,66.07,19.06,0.71,1,5
390022,69.0,3,23920,1,43.14,14.71,0.36,0,7
767981,29.2,3,45874,2,80.28,19.39,1.18,1,8
33333,100.0,1,793,1,57.29,14.44,0.96,0,4
718336,74.09,1,1821,1,43.24,15.43,1.01,0,8
562374,79.42,1,1113,2,48.05,13.99,0.74,0,1
264505,99.22,1,2016,2,44.99,14.16,0.59,0,0
313026,24.32,1,2863,2,90.14,18.63,0.87,1,5
579884,74.1,2,5284,1,26.41,12.12,0.56,0,5
145631,57.19,3,20795,1,56.28,16.04,1.2,0,7
852433,45.83,1,1661,2,93.48,21.2,1.44,1,5
1013237,15.95,1,1521,2,73.91,18.87,1.12,1,23
485010,58.14,1,4347,2,76.98,19.08,0.66,1,5
196114,17.15,3,41749,1,81.12,19.7,1.13,1,21
827241,70.83,3,50220,1,58.59,16.74,0.84,0,7
304812,57.06,2,14085,2,103.09,19.22,0.57,1,18
931631,21.67,1,1855,2,86.55,18.88,1.27,1,5
596707,72.36,3,16472,1,41.51,12.62,0.55,0,5
747342,75.7,1,140,1,61.26,14.04,0.94,0,6
282988,77.99,1,4304,1,51.07,13.52,0.75,0,2
538646,81.39,2,12510,1,45.31,11.53,0.24,0,4
933108,35.57,1,989,2,95.82,20.95,0.72,1,5
450139,44.47,1,2624,2,77.52,20.01,0.84,1,5
264279,30.67,2,11120,2,85.34,16.72,1.04,1,6
164166,36.43,2,11635,2,88.71,19.47,1.07,1,8
794550,92.59,1,6452,1,44.31,13.94,0.7,0,6
763066,22.65,1,5962,2,76.92,17.92,0.9,1,8
916891,0.0,1,2287,2,77.14,18.12,1.32,1,14
599196,100.0,2,997,1,64.62,15.64,0.98,0,6
780221,1.87,1,2018,2,83.16,19.2,1.06,1,8
204980,71.93,3,17685,1,62.5,13.34,0.65,0,5
867307,49.29,1,5720,1,68.31,16.87,1.07,1,18
845682,95.37,2,5197,1,49.76,14.43,0.36,0,6
525700,100.0,3,31527,1,36.73,16.07,0.86,0,5
686971,49.14,2,18172,2,83.63,20.02,0.85,1,9
137345,30.34,1,2918,2,79.38,18.77,1.09,1,9
540664,90.1,2,26174,2,53.18,14.2,0.7,0,0
42778,100.0,3,18621,1,56.46,15.81,1.07,0,4
783454,29.04,1,3265,2,66.89,20.13,1.04,1,6
752377,48.35,3,5560,2,71.12,21.28,0.85,1,5
629401,48.13,1,1644,2,83.75,20.0,0.77,1,5
578613,89.29,3,36325,1,62.14,16.36,0.61,0,2
855250,76.93,3,21425,2,35.98,11.37,1.12,0,1
331137,59.5,3,42175,1,60.99,16.6,1.14,0,9
928201,48.42,1,1682,2,73.64,19.1,0.63,1,14
179638,49.59,3,30929,1,49.19,14.72,1.0,0,6
1044875,32.18,1,4854,2,88.86,18.11,1.09,1,7
488203,13.52,1,2832,1,83.0,18.94,1.16,1,15
389314,84.24,3,26836,2,49.24,14.05,0.63,0,2
731211,86.09,3,15153,2,42.93,14.06,0.58,0,1
758114,57.38,1,2794,1,77.76,18.17,0.71,1,20
455827,53.13,1,1379,1,93.15,19.44,0.72,1,17
584889,28.36,3,38456,1,97.26,20.48,0.77,1,17
793411,92.98,3,20300,1,60.88,15.2,0.69,0,9
55108,78.1,1,2446,1,38.37,13.1,0.68,0,8
340036,66.63,3,30754,2,49.75,14.64,0.89,0,0
480673,80.34,3,27025,1,51.62,13.64,0.8,0,5
631487,38.76,3,27859,1,74.95,20.42,0.73,1,28
192179,34.12,1,2649,1,84.59,17.87,0.93,1,18
373603,0.0,1,2200,2,74.91,19.64,0.99,1,8
452412,23.2,1,3073,2,95.66,17.11,0.62,1,6
844106,61.3,1,1173,1,85.79,19.52,1.43,1,25
897538,24.3,3,17374,1,67.7,19.37,0.77,1,17
647804,45.87,2,32784,2,73.16,19.25,1.25,1,5
366617,0.0,1,164,2,73.3,19.24,0.84,1,6
585517,98.24,2,9965,1,53.27,15.08,0.92,0,8
632517,53.55,1,662,1,39.77,13.86,0.71,0,4
742798,30.26,2,20735,2,58.38,19.79,1.15,1,13
384901,18.67,2,22099,2,75.53,19.12,0.82,1,14
665111,20.73,2,13518,2,64.15,18.84,0.75,1,5
460539,100.0,3,22504,2,51.97,15.07,0.91,0,0
558546,79.23,3,36995,1,56.0,16.98,0.54,0,3
853536,68.54,2,10138,1,35.08,14.55,0.17,0,8
7564,80.32,1,4039,1,54.38,14.92,0.74,0,7
151315,11.15,2,16875,2,73.63,20.23,0.8,1,6
271411,54.07,2,9104,2,78.71,17.98,1.2,1,8
1043122,85.69,1,2883,1,52.77,13.68,0.78,0,9
412146,93.73,2,768,1,57.06,13.81,0.45,0,7
111450,22.13,1,4002,2,97.92,17.3,1.12,1,7
930121,17.44,2,21691,2,76.65,18.21,0.94,1,5
35773,53.23,2,15385,2,72.49,18.98,0.66,1,5
886591,6.83,1,1621,2,97.86,22.37,1.09,1,11
568463,13.41,1,2544,2,84.36,17.58,0.64,1,6
139131,86.58,1,2036,1,41.95,12.66,1.08,0,7
562617,83.29,2,4870,1,64.91,16.56,0.83,0,5
384271,100.0,1,678,1,49.37,12.18,1.01,0,4
796688,74.35,1,970,2,55.84,13.41,0.74,0,2
404412,29.76,1,2833,1,84.55,17.66,0.75,1,19
455859,67.91,2,9591,1,59.15,13.79,0.78,0,2
616116,32.84,1,2393,2,59.76,18.62,0.85,1,4
110426,72.89,2,9718,1,68.93,16.76,0.48,0,6
946341,25.6,1,4221,1,61.0,21.01,0.72,1,12
768682,62.85,1,3939,2,69.97,18.83,1.17,1,14
439748,76.53,1,411,1,51.22,14.38,0.6,0,6
676378,37.74,1,2908,2,79.97,18.48,1.05,1,7
869157,80.46,1,1849,1,45.83,14.0,0.72,0,4
19430,88.1,3,33000,1,66.07,13.52,0.71,0,6
552409,46.04,2,15179,2,71.57,18.64,0.95,1,6
366384,60.62,3,41030,1,44.98,15.22,0.85,0,4
499011,80.57,3,23442,2,47.35,13.92,0.89,0,0
1039540,85.07,2,11926,1,62.94,14.36,0.92,0,3
627980,21.78,1,1981,2,74.46,19.63,0.88,1,5
941862,87.43,2,11676,1,56.61,14.24,0.36,0,6
799715,70.49,2,10088,1,32.17,13.07,0.78,0,5
96957,27.1,2,14092,2,95.34,20.79,0.82,1,18
396268,58.59,1,2270,1,44.3,15.55,0.57,0,2
28113,67.66,1,4214,1,47.91,13.63,0.77,0,2
142571,70.99,1,3334,1,55.57,14.5,0.92,0,2
469373,44.83,1,3901,2,85.29,19.36,1.03,1,6
651431,75.6,2,22501,1,67.72,17.16,0.77,0,3
104643,63.61,3,81917,1,83.87,21.26,1.22,1,15
974426,30.41,2,8273,2,68.81,20.07,0.77,1,9
73247,63.79,3,34808,1,63.54,13.71,0.9,0,6
621789,100.0,2,6222,1,45.07,15.67,0.85,0,7
895981,0.0,1,4110,2,71.3,19.02,0.97,1,7
379504,63.15,2,7467,1,55.72,13.31,0.45,0,5
969124,57.93,1,2000,1,49.34,14.45,0.47,0,4
186042,90.37,2,6046,1,48.59,13.68,0.79,0,5
29400,78.76,2,24751,1,49.04,13.34,0.49,0,6
850142,91.45,3,25148,1,40.49,13.38,0.88,0,5
857422,82.48,2,10218,1,59.52,14.44,0.63,0,7
613189,32.52,1,2752,2,70.1,19.85,0.86,1,9
309274,70.57,3,32885,1,47.34,13.76,0.74,0,7
770101,55.59,2,9318,1,83.69,18.38,1.15,1,13
866437,47.23,1,2673,2,80.23,18.32,0.78,1,7
306707,59.25,3,25368,1,44.79,14.25,0.74,0,7
603795,82.84,1,1553,2,55.1,13.94,0.44,0,1
162257,81.7,1,2177,1,54.15,16.14,1.04,0,3
395369,34.24,2,24665,2,73.61,17.54,1.07,1,5
323526,74.68,3,26448,1,45.58,13.89,0.72,0,4
840891,85.0,2,20984,1,64.47,15.66,0.86,0,3
238345,100.0,2,8972,1,49.94,14.02,0.33,0,4
64248,49.66,3,59222,1,57.97,19.5,1.11,1,16
149705,59.44,3,27513,1,70.71,13.3,0.91,0,7
577634,18.15,1,2524,2,72.21,18.61,0.81,1,6
217925,78.91,2,853,1,37.21,15.02,0.6,0,4
695818,69.01,1,2054,1,58.51,14.67,0.82,0,3
895711,12.33,1,3665,2,70.39,19.36,0.69,1,12
922232,26.01,2,20006,1,79.21,19.01,0.91,1,18
914603,26.14,3,36939,2,82.41,20.74,1.08,1,6
696205,9.03,1,2413,2,75.09,19.98,1.04,1,5
253009,19.18,3,71632,1,81.85,19.88,1.03,1,18
497642,74.04,2,8614,2,45.49,13.14,0.69,0,2
493034,55.32,2,6410,2,37.53,14.43,0.96,0,1
351538,81.55,1,2553,1,55.02,13.68,0.81,0,9
500071,31.29,3,24106,2,76.05,20.46,0.86,1,7
816304,31.46,1,2972,2,102.51,19.14,0.59,1,17
939280,55.97,3,20440,1,54.96,14.82,0.87,0,5
409176,64.27,3,10130,1,37.85,14.94,0.63,0,8
446189,76.34,2,5367,1,41.38,15.3,0.72,0,4
798934,93.33,3,26604,1,48.59,15.72,0.41,0,4
50685,84.38,2,19872,2,66.96,14.47,1.08,0,1
283444,84.17,3,22373,2,39.87,14.58,0.98,0,2
381610,45.42,1,1943,1,51.39,12.07,0.64,0,4
227097,84.56,2,17999,1,33.54,14.07,0.84,0,4
669360,16.13,1,2431,2,72.22,19.25,0.75,1,5
875655,92.91,1,1474,1,46.39,12.29,0.52,0,9
1390,68.19,1,4137,1,55.76,11.83,0.82,0,3
491079,28.43,2,12049,2,84.61,18.33,1.15,1,5
8814,49.9,1,2483,1,47.08,11.94,0.39,0,3
368845,58.9,2,6903,1,48.61,16.66,0.81,0,6
352899,100.0,1,2169,1,51.32,12.05,0.53,0,5
1039083,100.0,2,9126,1,72.34,13.76,0.48,0,7
144368,95.77,1,6048,1,35.22,12.94,1.0,0,6
617510,71.99,1,4287,1,57.38,14.53,0.74,0,6
442559,65.32,3,43325,2,43.74,13.92,0.84,0,2
544670,31.52,2,5271,2,67.27,19.13,0.84,1,5
293266,61.09,1,1970,1,70.5,13.56,0.97,0,3
575876,72.97,3,30461,1,54.17,15.39,0.78,0,5
303626,100.0,1,1266,1,54.27,12.65,0.5,0,4
839236,29.16,1,939,2,69.65,20.7,0.54,1,5
690343,7.12,3,19250,2,74.33,18.64,0.57,1,6
42843,27.72,2,4079,2,78.67,20.04,1.0,1,5
463818,26.88,3,37139,1,66.97,18.54,1.09,1,14
1030842,45.59,3,42782,2,70.81,19.7,0.77,1,5
308618,14.42,3,38762,2,83.06,19.64,0.7,1,14
29395,86.93,3,46085,1,47.82,15.59,1.01,0,7
391808,88.24,3,28198,1,49.76,14.77,0.69,0,2
1004677,97.35,3,25104,2,55.68,15.65,0.82,0,1
37559,53.26,1,2864,1,63.32,17.24,0.7,1,18
973851,31.73,1,3505,2,74.19,19.01,1.14,1,5
586951,82.58,1,3614,1,70.37,13.69,0.51,0,9
200979,23.04,2,14833,2,81.48,21.15,1.26,1,7
824081,33.06,1,2326,2,70.55,18.49,1.11,1,7
121931,19.51,1,2130,2,103.09,19.25,0.99,1,7
356172,32.92,3,39835,2,77.29,19.21,1.17,1,5
1036417,100.0,1,1531,2,37.43,14.6,0.9,0,1
46209,64.51,1,2743,1,71.27,17.5,0.81,1,16
8863,64.19,1,5194,2,89.53,19.28,1.26,1,11
923742,13.85,1,3235,1,73.32,19.85,0.71,1,13
265242,23.01,1,1614,2,84.51,19.51,0.88,1,8
357400,91.31,2,10346,1,66.54,15.34,0.94,0,6
680277,60.74,2,6738,1,57.62,13.8,0.56,0,4
490171,59.21,2,23792,2,89.05,19.4,1.1,1,7
634482,56.08,2,7989,1,68.68,16.67,0.87,0,6
186279,19.53,1,3289,2,87.36,19.12,0.54,1,8
1027057,100.0,1,1452,2,45.56,14.46,0.65,0,0
58764,49.64,1,5656,2,65.23,19.83,1.09,1,5
816566,76.63,3,10436,2,55.15,14.78,0.89,0,1
96576,97.51,3,25536,2,33.5,14.22,0.98,0,1
657621,0.22,2,12915,2,100.38,19.46,0.81,1,18
301915,41.39,3,31850,2,47.28,16.02,0.7,0,2
884358,79.03,1,990,2,40.62,13.17,0.65,0,1
156986,13.42,1,4074,2,85.41,20.09,0.95,1,15
816686,74.21,3,36881,1,40.88,15.46,0.69,0,2
285971,73.48,2,7130,1,40.1,13.12,0.8,0,9
734578,72.24,1,1214,1,38.19,15.38,1.22,0,5
251101,21.07,1,2648,2,72.08,18.69,0.92,1,5
533582,90.86,1,1621,1,25.96,13.93,0.78,0,3
81541,86.49,3,25420,1,55.25,13.97,1.02,0,2
1045735,62.92,1,269,2,56.91,12.56,0.51,0,1
237687,100.0,2,8928,1,40.9,13.74,0.82,0,4
516197,80.27,3,29796,1,40.07,15.61,1.0,0,5
706434,62.12,1,2012,1,40.02,12.69,0.74,0,7
715466,12.4,1,3508,2,78.77,19.24,0.99,1,10
131459,72.32,2,215,1,59.58,14.91,0.98,0,3
181230,54.52,3,46341,1,84.56,18.92,1.11,1,16
813508,50.83,1,4401,2,80.8,20.8,0.71,1,5
228651,82.61,1,952,1,35.77,10.81,0.4,0,2
487967,53.07,2,11501,1,64.96,16.41,0.31,0,5
671539,67.92,1,1086,1,46.9,14.97,0.75,0,4
494466,52.49,1,208,1,60.64,14.81,0.73,0,1
752049,15.35,1,2300,2,93.61,17.14,1.18,1,5
945610,26.87,1,617,2,83.17,19.0,1.1,1,8
629907,82.13,3,26684,2,63.12,16.49,0.78,0,1
468916,85.47,2,2687,1,49.89,12.16,0.74,0,6
631349,52.53,1,6299,2,52.55,20.48,1.01,1,7
627823,95.8,3,32781,2,62.15,14.75,0.65,0,0
731254,38.19,1,3887,2,88.71,19.66,1.42,1,10
463717,79.76,1,2153,1,34.02,12.88,0.83,0,3
867384,100.0,3,24322,1,52.9,16.97,1.03,0,6
470162,36.83,1,2403,2,104.19,19.77,1.08,1,5
189230,32.42,1,1051,2,86.56,18.1,0.74,1,5
959187,84.9,2,7194,1,54.04,12.96,0.37,0,4
859366,95.81,1,2741,1,49.34,10.55,0.7,0,7
145175,27.0,1,3538,2,94.24,19.55,1.22,1,5
288594,91.0,2,22579,1,56.32,12.79,0.82,0,4
81570,29.88,2,10809,2,79.59,19.28,1.07,1,5
184721,74.31,3,31176,1,50.79,15.87,0.9,0,3
42183,35.84,1,3332,1,90.23,19.42,0.4,1,13
593683,62.67,2,6911,1,56.06,13.62,0.56,0,4
549950,41.85,2,12368,2,71.18,19.93,1.13,1,6
935647,17.81,3,71758,2,85.42,19.59,1.26,1,15
809771,77.02,1,2047,1,41.18,11.31,0.52,0,6
816230,47.72,1,853,1,48.29,10.29,0.43,0,6
381244,93.72,2,13094,1,53.66,14.38,0.77,0,7
335923,65.68,1,953,2,72.96,19.79,1.39,1,8
99275,76.47,3,31109,1,55.14,12.62,1.04,0,6
999728,100.0,1,703,1,46.98,12.15,0.65,0,4
982171,35.78,3,61074,2,87.15,18.45,1.14,1,7
234305,50.95,1,2443,1,60.2,19.59,0.49,1,14
127399,78.54,1,1688,1,57.36,13.46,0.78,0,6
921253,66.94,2,15213,1,38.58,12.89,0.71,0,7
538148,18.93,1,1195,1,84.96,18.48,0.99,1,13
914111,0.0,2,-264,2,72.22,18.51,1.16,1,6
478779,57.03,1,762,1,41.53,12.76,0.96,0,4
170775,82.2,3,15747,1,39.35,10.67,0.84,0,5
868958,74.23,3,48771,2,43.2,13.8,0.62,0,2
28405,26.08,1,2952,2,80.81,17.59,1.08,1,4
1020201,40.5,3,30316,2,67.14,17.65,0.91,1,10
83319,54.21,1,1403,1,47.61,12.51,0.84,0,8
750130,74.63,1,2166,1,58.04,12.8,0.65,0,3
774834,26.66,1,4269,2,83.01,18.84,0.82,1,6
246937,100.0,2,9021,1,34.07,13.32,0.57,0,7
638542,30.85,1,1677,2,77.83,19.75,0.94,1,6
869338,34.21,2,13144,1,85.58,20.49,1.09,1,19
371235,49.8,3,32590,1,50.09,15.04,0.97,0,7
976216,100.0,2,7864,1,44.57,13.44,1.02,0,4
785311,69.64,2,7370,1,57.36,14.27,0.92,0,4
850722,47.06,1,2678,2,77.42,19.13,0.71,1,5
387197,100.0,3,34493,1,43.09,14.34,0.95,0,9
794441,30.69,3,44244,1,78.59,20.72,1.04,1,14
225750,70.98,2,12066,1,58.32,13.53,0.7,0,0
521204,100.0,2,11150,2,42.0,14.38,0.9,0,1
280557,100.0,1,909,1,59.93,15.41,0.49,0,5
859876,99.33,1,4176,2,54.5,17.06,0.55,0,2
58185,25.66,2,8976,2,94.37,19.31,1.06,1,4
939548,29.81,2,10941,2,77.25,18.53,0.82,1,6
575221,74.35,3,33576,2,37.7,13.82,0.46,0,1
677059,90.94,1,2728,1,55.74,15.57,0.61,0,8
772312,39.1,1,4172,2,75.51,21.29,0.76,1,6
795336,6.53,1,2307,2,84.68,20.39,0.86,1,13
519928,83.17,3,21596,1,60.52,17.15,0.58,0,7
927496,57.88,2,4773,1,58.22,14.46,0.6,0,6
806577,83.73,1,1260,1,57.63,15.74,0.52,0,4
427910,54.43,1,1841,2,70.13,20.03,0.96,1,6
653781,84.5,1,3794,1,50.56,12.94,0.69,0,5
888738,38.87,1,1381,2,67.43,21.07,0.96,1,6
444444,51.53,2,9757,1,52.98,13.31,0.72,0,7
350616,54.73,3,48125,1,86.38,19.74,0.97,1,18
728385,12.19,2,15024,1,92.7,21.31,0.99,1,16
491361,87.08,1,1304,1,65.31,12.61,0.77,0,7
427784,0.0,1,3042,2,68.74,20.14,0.8,1,5
1045631,36.62,1,1538,2,68.76,18.5,0.64,1,5
610579,0.0,1,2987,2,66.74,16.7,0.7,1,5
978259,89.78,3,36331,1,45.97,17.48,0.69,0,5
282357,100.0,3,12467,1,49.62,14.7,0.9,0,4
943735,88.46,1,2986,1,59.38,13.47,0.63,0,8
945460,41.34,2,8694,1,47.09,12.8,0.72,0,7
597788,63.13,1,1388,1,53.03,13.78,0.77,0,7
490990,30.3,2,7188,1,88.96,21.17,0.83,1,20
708180,47.53,1,-23,1,40.47,15.65,0.55,0,7
62710,40.03,2,29449,2,78.84,19.16,1.26,1,7
69983,46.51,3,35122,2,102.31,19.27,1.28,1,5
89972,46.03,1,2597,1,97.32,18.84,1.21,1,19
388798,69.05,1,493,1,60.14,13.16,0.53,0,5
783737,16.15,2,16043,2,84.46,19.73,1.05,1,7
176289,0.0,1,971,2,70.32,18.39,1.02,1,6
863047,6.45,1,2777,2,97.24,20.1,0.92,1,7
67744,31.83,2,-503,2,92.82,19.42,1.3,1,5
250590,48.09,1,1690,1,79.33,21.37,1.05,1,17
184499,91.49,1,1063,2,42.5,13.34,0.57,0,1
813908,59.78,2,11503,2,61.9,12.82,0.79,0,1
952946,57.0,1,3000,1,91.69,18.6,1.22,1,15
551083,32.01,2,6049,2,88.84,18.04,1.17,1,5
964846,83.2,2,12194,2,54.23,14.57,0.86,0,1
642954,41.75,2,16062,2,67.66,17.55,1.14,1,6
204912,66.19,2,9479,2,66.89,14.41,0.49,0,1
331875,26.06,1,4150,2,66.84,19.36,1.04,1,8
90044,21.85,1,2648,1,83.56,18.82,1.29,1,21
752060,27.8,1,3921,2,82.85,17.42,0.92,1,11
158452,86.42,2,11162,2,54.99,14.39,1.04,0,1
651106,92.36,2,5427,1,57.76,12.64,0.63,0,5
522156,21.38,1,2203,2,84.49,19.06,0.91,1,5
522689,78.47,2,10793,1,49.43,13.19,0.65,0,4
137859,79.18,2,8217,1,49.55,14.09,0.65,0,7
168591,83.73,1,1575,1,47.26,13.02,0.58,0,2
825545,36.35,1,2937,2,94.25,17.07,1.1,1,5
742882,27.38,1,2226,2,82.22,19.09,1.0,1,8
805349,50.18,1,1789,2,79.75,19.41,0.89,1,6
354502,94.18,1,2083,1,38.65,12.37,0.71,0,4
906286,47.81,2,11795,2,70.35,16.43,0.88,1,7
389227,73.14,2,10670,1,45.6,13.5,1.11,0,6
473846,51.25,3,32920,2,95.02,20.02,1.32,1,14
121408,67.6,3,72119,1,50.03,15.66,0.74,0,6
789542,70.98,1,4794,1,46.78,12.65,0.6,0,4
29469,85.87,3,43911,1,51.72,14.18,0.99,0,4
156783,85.87,3,33545,1,35.62,14.69,0.44,0,5
653304,24.09,1,2830,2,79.54,20.68,0.9,1,9
699137,48.08,1,3046,1,92.79,18.72,1.0,1,17
237652,46.72,2,8709,1,53.25,14.62,0.7,0,3
132904,38.05,3,41344,1,69.74,21.68,0.46,1,18
193634,26.54,2,21448,2,90.82,19.04,1.05,1,4
12911,47.71,3,32658,2,79.47,20.34,0.9,1,5
127393,2.99,1,2146,2,68.89,19.48,1.28,1,7
22148,46.2,1,2946,2,86.04,17.65,1.01,1,5
764222,79.45,2,5739,1,41.1,15.08,0.75,0,8
643665,69.89,1,1786,1,52.38,13.68,0.71,0,3
19997,58.6,1,3038,1,48.25,11.54,0.58,0,5
1002582,74.13,1,2644,1,48.39,13.88,0.82,0,5
84030,24.48,1,3883,2,72.73,18.74,0.88,1,6
768433,25.22,2,16167,1,77.55,18.21,1.16,1,16
534588,47.44,1,1239,2,87.39,20.76,1.12,1,5
482507,43.91,3,35926,2,84.12,19.02,0.85,1,5
780659,25.56,2,16541,2,72.47,21.76,0.69,1,7
332444,44.75,2,19591,2,88.22,18.79,0.96,1,5
504328,13.25,1,2510,2,74.08,20.42,0.85,1,5
933041,34.69,1,3603,2,80.89,19.31,0.95,1,17
898361,23.16,3,76255,2,73.45,20.67,0.85,1,5
23281,77.36,3,24153,2,44.47,12.95,0.75,0,1
172735,2.49,1,4392,2,84.69,19.03,1.15,1,5
600635,44.15,2,9116,2,71.19,19.0,1.28,1,5
1034898,76.03,1,1350,2,57.21,11.79,0.6,0,1
341029,78.06,3,34364,2,64.74,15.94,0.89,0,1
997327,97.32,1,2020,2,52.26,14.96,0.74,0,0
568707,68.3,3,34110,1,33.35,11.93,1.21,0,2
268963,76.65,1,1193,1,39.5,12.96,0.52,0,8
280098,0.76,2,10954,2,55.62,21.11,0.73,1,6
951909,79.66,1,3241,1,59.3,12.68,0.54,0,4
1013893,36.05,2,11709,2,82.2,19.28,1.04,1,5
358374,20.61,2,8728,2,73.96,20.83,0.89,1,4
422303,22.48,2,12742,1,75.3,18.02,1.14,1,17
819281,37.45,1,1941,2,86.63,18.44,0.8,1,5
997809,87.98,2,6704,1,50.81,13.02,0.88,0,4
656010,42.26,2,12742,1,52.47,14.06,0.49,0,4
728645,82.9,1,2633,1,26.29,13.48,0.6,0,6
768971,64.53,2,3783,1,52.27,15.95,0.61,0,3
153588,95.53,3,18199,1,46.51,13.67,0.76,0,4
72457,40.99,1,1359,2,80.8,19.29,0.86,1,5
119534,6.27,1,1993,1,66.05,21.19,0.88,1,19
21895,77.04,1,2343,1,45.67,14.95,1.05,0,5
147096,67.01,3,29670,2,46.05,15.52,0.8,0,1
570503,86.75,1,1699,1,55.77,14.86,0.98,0,4
266100,91.4,1,698,1,41.09,11.39,0.74,0,7
92513,35.24,1,2051,2,90.4,20.42,0.84,1,5
977387,17.69,1,2528,2,69.98,18.09,0.97,1,5
1041870,2.03,2,30167,2,76.36,19.41,0.78,1,6
253940,100.0,1,1308,1,49.34,14.0,0.96,0,7
314372,88.29,2,25254,1,63.07,15.97,0.63,0,5
413794,75.14,1,7522,1,54.56,14.43,0.93,0,4
90752,84.22,3,34416,2,77.21,16.88,0.64,0,0
822815,67.64,1,546,2,70.19,19.46,0.64,1,4
910645,96.69,2,13433,2,54.06,14.12,1.08,0,2
440964,15.56,1,3603,2,72.8,17.99,1.02,1,5
702861,88.0,1,2726,1,40.75,12.02,0.68,0,6
129467,62.23,1,2802,1,48.39,12.01,0.96,0,5
952380,18.27,1,1739,2,78.5,20.02,1.22,1,13
677106,89.94,1,2161,2,53.74,11.9,1.01,0,1
973975,100.0,1,637,1,49.43,14.91,0.7,0,3
650466,66.41,1,1460,1,43.62,13.62,0.84,0,6
635442,4.81,1,1686,1,81.05,20.26,1.07,1,21
373195,97.11,1,1532,1,41.95,11.65,0.68,0,7
340329,72.23,2,5917,1,75.97,14.36,0.75,0,7
430059,77.51,1,556,1,43.37,12.19,0.48,0,3
956100,73.02,1,3164,1,34.84,12.44,0.5,0,5
633193,43.07,2,7483,2,52.8,14.54,0.8,0,1
880635,32.5,1,2300,2,84.62,19.52,1.09,1,10
354548,46.78,1,5265,2,77.6,19.6,1.0,1,9
526139,43.64,3,12921,1,58.92,10.21,0.81,0,5
217392,69.64,3,71342,1,62.79,16.09,0.91,0,4
392463,51.9,1,2715,2,87.13,17.31,0.74,1,9
583272,60.17,1,1602,1,45.05,16.3,0.62,0,4
335877,72.9,3,31634,1,58.16,16.3,1.02,0,8
1043225,43.21,3,49889,2,94.36,18.73,1.1,1,17
490522,79.22,2,7574,1,72.88,16.07,0.97,0,6
741076,44.29,1,2348,2,80.29,17.59,1.1,1,8
711030,36.76,3,51735,1,66.19,18.66,1.01,1,16
711177,25.22,1,1015,1,103.05,20.94,1.07,1,11
40017,16.56,1,2289,2,67.88,18.62,1.21,1,6
486073,42.98,1,1535,1,72.9,20.52,0.77,1,19
286914,44.29,2,20637,2,70.79,19.29,0.58,1,8
244239,64.55,2,21642,1,42.61,15.63,0.41,0,7
468522,100.0,2,10215,1,53.52,13.05,0.86,0,4
545556,62.55,3,11229,1,35.11,14.3,0.74,0,3
584841,55.85,2,16796,2,65.64,19.17,0.93,1,6
357832,43.39,2,24678,1,86.49,21.33,1.22,1,15
369076,60.56,3,29565,2,49.1,13.9,0.48,0,0
284750,84.42,2,7492,1,51.06,13.48,0.93,0,4
838508,9.46,1,3653,1,66.12,19.27,1.03,1,18
780638,72.96,2,14093,1,66.7,16.61,0.68,0,6
198627,37.51,3,11619,1,87.16,19.91,0.8,1,25
994620,82.98,3,32483,2,61.39,13.86,0.86,0,1
367992,100.0,1,2444,1,45.36,13.34,0.43,0,5
356362,81.34,1,2102,2,54.74,11.38,0.69,0,1
927551,0.0,3,15536,2,75.77,19.25,1.11,1,7
907923,62.3,2,14955,1,51.11,14.76,0.85,0,6
781368,80.32,3,15323,1,43.57,12.65,0.66,0,8
487057,26.87,2,12574,2,62.18,19.07,0.74,1,6
812922,39.12,3,27966,1,67.99,14.29,1.28,0,5
903893,26.74,2,7396,2,68.73,19.99,0.86,1,6
545618,15.48,1,1241,2,88.49,20.05,0.98,1,8
792570,12.63,1,4964,1,80.93,18.82,0.78,1,12
415955,69.25,1,1046,1,53.07,12.33,0.46,0,5
132334,74.86,3,29418,1,36.6,13.71,0.52,0,5
554187,32.97,3,19870,2,93.92,21.86,1.16,1,6
870904,100.0,3,11391,1,42.11,12.3,0.64,0,4
198016,90.25,1,-340,1,50.52,11.63,0.58,0,6
976384,12.39,2,23320,2,73.14,18.66,1.21,1,5
875595,0.0,1,3614,2,75.15,17.73,0.88,1,12
592801,30.6,1,3277,2,77.1,18.51,0.61,1,5
3731,47.32,2,9902,1,45.76,13.69,0.88,0,6
541001,89.95,1,3684,2,46.73,13.63,0.9,0,0
762719,56.03,2,21569,2,76.79,19.31,0.92,1,9
657025,37.51,3,29029,1,79.47,19.51,0.91,1,16
954391,100.0,2,7718,2,45.14,12.71,0.46,0,1
227627,24.35,2,14195,2,70.25,20.26,0.95,1,7
172433,19.12,2,14974,2,78.0,19.56,0.7,1,11
13140,2.75,2,13664,1,76.14,17.98,0.99,1,20
635124,64.95,3,33242,1,38.56,15.29,0.92,0,6
404098,75.09,1,2639,1,46.74,12.0,0.32,0,2
108601,38.4,2,10324,2,74.66,19.33,0.48,1,25
945399,100.0,1,1642,1,47.63,13.2,0.57,0,6
115448,100.0,1,1527,1,41.52,13.35,1.06,0,5
592936,22.57,1,3620,1,85.89,18.65,0.71,1,16
221382,93.32,2,7821,1,44.24,12.61,1.03,0,7
984530,93.46,1,1616,1,55.99,14.5,0.22,0,5
322242,89.22,2,7234,2,55.46,13.92,0.77,0,1
775508,52.15,2,1366,2,53.09,13.26,0.51,0,1
52181,66.76,2,9691,1,65.92,14.21,0.71,0,5
854314,81.04,1,815,1,54.3,13.55,0.79,0,2
49684,35.96,1,3118,2,63.29,19.22,0.82,1,8
58943,35.55,2,21899,2,87.41,20.09,0.87,1,7
210554,40.71,1,3782,2,85.42,17.33,1.03,1,6
254801,53.76,1,1703,2,44.67,14.13,1.07,0,2
501691,90.2,3,29918,2,58.98,14.83,1.02,0,1
445137,86.69,1,1686,1,46.08,13.18,0.82,0,4
757873,94.26,3,17687,1,42.9,14.72,0.87,0,1
295038,89.28,2,24141,1,49.33,13.64,0.67,0,3
432915,63.25,3,10432,1,47.75,11.26,0.69,0,5
432960,20.97,1,4491,2,69.95,18.39,1.13,1,6
710547,35.09,1,1764,2,68.03,19.45,1.19,1,6
713704,69.25,1,1682,1,48.96,14.53,0.67,0,12
453397,89.98,1,1037,1,55.56,13.19,0.79,0,5
594013,8.1,2,7000,2,78.63,19.72,1.3,1,7
90418,100.0,1,789,2,34.93,11.81,0.45,0,1
679151,37.64,2,8490,2,71.14,20.12,0.72,1,7
134396,77.73,3,19153,1,32.99,12.66,0.85,0,4
150584,93.62,1,2863,2,47.59,13.64,0.58,0,1
479275,22.94,3,24047,2,82.95,20.31,1.02,1,6
319602,70.44,2,11755,1,45.55,13.93,0.83,0,5
377173,7.15,1,4610,2,74.51,18.57,0.85,1,10
1023906,36.58,1,3641,1,85.59,20.04,0.87,1,19
1013525,44.98,1,2060,2,70.01,18.85,0.77,1,6
97487,40.76,1,4193,1,79.36,19.38,0.92,1,17
360316,96.09,1,1680,1,38.01,14.64,0.88,0,8
769398,37.63,2,18426,2,91.2,20.23,1.41,1,5
985840,35.83,2,6700,2,91.4,18.97,0.51,1,17
729321,75.73,1,883,1,61.94,13.68,0.6,0,5
289100,31.74,1,1735,2,70.48,20.23,0.82,1,5
704633,74.17,1,2142,1,53.51,14.22,0.6,0,6
443944,9.78,1,2942,2,74.22,20.08,0.99,1,5
1042859,50.19,1,2556,1,55.69,14.57,0.42,0,6
222621,3.77,1,3047,2,86.82,19.41,1.03,1,5
37157,60.1,3,28934,1,43.66,14.06,0.56,0,7
578963,72.44,3,23556,2,42.95,13.87,0.65,0,1
34161,79.5,3,12140,1,54.8,14.54,0.95,0,6
784576,81.08,1,1363,2,52.67,15.26,1.05,0,1
163528,36.04,1,1785,2,83.88,20.78,1.02,1,7
24270,35.26,3,38770,1,72.5,19.48,1.1,1,15
435484,70.16,2,13218,1,44.32,12.09,0.59,0,6
781511,34.5,2,126,2,92.74,18.86,0.69,1,5
431417,41.72,3,58965,2,95.78,18.71,0.96,1,9
681536,46.7,3,19071,2,64.28,19.64,1.08,1,7
1044318,80.42,3,29756,2,36.75,14.47,0.91,0,1
1491,4.91,1,3488,2,64.3,18.06,0.93,1,4
374435,81.1,2,5372,1,47.4,12.71,0.55,0,4
609007,74.56,2,5551,1,46.41,12.97,0.66,0,6
66116,61.8,2,9380,1,34.24,13.39,0.33,0,5
531692,41.22,2,15268,2,84.8,18.56,0.71,1,6
291621,38.99,1,4493,2,77.36,20.03,0.74,1,6
987501,75.0,2,8747,1,41.59,12.34,0.61,0,5
120805,92.06,1,2285,1,81.05,14.78,0.45,0,3
581754,20.15,3,35331,1,86.58,18.08,0.93,1,12
977760,11.68,1,1679,1,76.58,19.57,0.73,1,16
494028,26.4,3,38127,2,100.04,21.75,1.08,1,6
761923,96.62,1,321,2,66.3,16.26,0.68,0,1
53719,65.36,1,5944,2,88.73,19.17,1.03,1,7
296918,81.06,1,1540,1,36.6,10.8,0.62,0,7
441948,40.71,2,9564,2,79.6,18.35,1.2,1,11
779631,21.91,3,32006,2,81.07,19.55,1.32,1,8
862613,88.68,1,1274,2,63.62,16.05,0.53,0,1
273143,55.2,3,16123,1,49.87,14.2,0.84,0,5
188750,100.0,1,2335,1,49.3,10.13,0.62,0,6
17018,37.78,3,29951,1,65.65,19.51,0.89,1,16
1025152,42.13,3,55410,2,75.32,19.57,0.71,1,12
718223,42.61,1,2691,1,92.78,17.62,0.73,1,17
992379,82.55,3,23324,1,51.47,15.31,0.84,0,0
359918,13.14,1,9127,1,79.54,18.3,0.99,1,14
841687,99.81,1,1563,1,40.32,13.69,0.62,0,6
389874,88.17,3,14020,2,40.19,13.09,0.95,0,1
543510,100.0,1,1055,1,54.81,14.58,0.84,0,2
57788,30.03,1,3863,2,79.31,18.28,0.88,1,7
679678,67.53,2,11414,1,51.21,14.47,0.41,0,7
123539,92.46,2,5229,1,69.55,13.47,0.66,0,7
961989,35.34,2,18625,2,76.67,19.76,1.27,1,6
431031,89.82,3,45881,2,33.62,15.68,1.07,0,0
264980,72.77,2,10523,2,86.84,19.32,1.0,1,5
1004094,50.07,2,21851,2,68.85,18.28,0.98,1,6
318283,93.49,1,1797,1,41.54,13.06,0.83,0,7
621082,82.6,3,28965,2,44.21,15.87,0.65,0,1
917488,86.93,1,2210,1,43.13,11.45,0.44,0,8
1030972,75.9,3,43133,1,44.02,15.47,1.04,0,3
100633,47.07,2,10805,1,41.73,11.84,1.03,0,10
117960,16.26,1,726,2,75.64,22.02,0.85,1,5
409024,33.92,1,4503,2,89.73,18.92,0.82,1,15
721207,30.56,1,2652,2,70.47,19.38,0.93,1,5
3620,84.13,2,9231,1,47.45,14.87,0.6,0,7
987585,36.41,3,16655,2,79.89,20.19,1.19,1,11
281066,88.77,2,12880,1,35.24,12.84,0.74,0,2
783108,11.13,1,1568,2,89.04,18.73,1.03,1,10
446171,58.27,1,1280,1,51.12,12.91,0.33,0,7
44668,62.1,3,40678,1,42.77,14.7,0.65,0,2
84504,78.26,1,1956,2,42.79,14.47,0.93,0,1
206155,31.69,2,12017,2,78.45,19.82,0.9,1,8
374002,97.2,1,1948,1,63.95,13.74,0.72,0,1
788810,100.0,3,31406,1,34.18,12.02,0.85,0,6
96307,66.4,1,1839,1,47.81,13.84,0.58,0,3
68178,85.92,1,2515,1,33.0,11.67,0.63,0,6
126723,43.55,1,3660,2,68.29,17.47,0.96,1,6
681485,37.72,1,1776,2,82.74,20.93,1.17,1,13
489952,96.61,3,29271,1,45.04,15.88,0.91,0,5
126015,25.39,1,3239,1,84.47,19.12,0.65,1,13
789744,78.29,2,9792,1,54.16,13.02,0.93,0,12
59113,79.68,3,31392,1,90.3,15.29,0.7,0,6
982210,87.83,2,9749,1,44.59,13.74,0.98,0,3
518056,79.05,2,260,1,62.84,16.02,0.72,0,7
317025,26.66,1,6084,2,82.6,18.47,1.11,1,10
764545,62.66,1,1250,2,37.62,11.52,0.62,0,0
806764,90.93,1,1090,1,55.99,14.01,0.63,0,5
33776,67.36,1,2079,1,53.44,15.41,0.65,0,6
82857,69.42,1,1527,1,46.68,13.81,0.62,0,0
733240,7.6,1,3644,2,85.58,19.22,0.77,1,7
591199,23.74,1,3276,2,85.41,16.93,1.04,1,9
313677,63.46,2,14773,2,83.8,17.82,1.1,1,5
781637,33.61,1,5809,2,90.9,20.0,0.78,1,5
761959,85.17,1,2382,1,36.06,12.9,0.86,0,4
48268,81.09,1,3409,1,49.73,15.38,0.78,0,7
784539,56.23,2,4459,1,48.46,13.38,0.81,0,4
866982,100.0,1,959,2,74.35,15.39,0.35,0,1
363328,100.0,2,9375,1,46.79,14.45,0.59,0,10
365822,20.3,2,6608,2,70.35,17.51,0.72,1,9
759534,24.18,1,3421,2,86.64,19.38,0.9,1,8
20905,61.72,2,3133,2,45.78,15.75,0.43,0,1
31607,57.53,1,892,2,68.87,18.08,1.02,1,6
27314,100.0,1,2018,1,49.75,15.1,0.55,0,6
1036289,79.69,1,2078,1,49.42,15.67,1.12,0,9
62153,62.81,1,1968,1,53.93,14.83,0.62,0,5
110647,33.05,2,6245,2,86.46,19.43,0.72,1,5
407502,9.89,1,1358,2,97.13,18.67,1.21,1,13
837635,78.02,2,13008,1,62.49,14.74,1.11,0,5
696930,87.96,1,3598,2,53.89,15.08,0.6,0,1
977232,72.25,1,2449,1,43.05,13.14,0.77,0,5
289198,62.37,3,13776,2,44.1,15.34,0.57,0,1
706362,57.24,1,3325,1,93.07,18.29,1.11,1,13
908709,33.03,2,16872,2,79.49,20.16,0.9,1,21
672002,83.54,1,1746,1,46.84,12.51,0.35,0,4
87844,37.5,2,25247,1,86.32,17.87,0.92,1,17
813899,90.27,1,6020,1,52.75,12.95,1.21,0,5
814419,89.38,2,3711,2,52.84,13.52,0.86,0,0
813022,71.17,3,15573,2,30.96,12.4,0.79,0,1
310453,22.87,1,1836,2,89.61,19.66,0.89,1,7
960995,25.95,2,16762,2,63.45,19.01,0.86,1,6
538774,83.92,1,1404,1,32.29,15.65,0.67,0,7
702904,86.58,2,8393,1,61.43,16.15,0.76,0,7
596834,4.84,1,2698,1,70.45,18.74,0.93,1,14
890929,23.84,2,21559,1,70.34,18.69,1.28,1,18
24376,24.7,2,7505,2,83.35,18.4,1.11,1,5
362600,100.0,2,14450,1,42.42,14.28,0.53,0,3
139881,83.64,2,4374,2,66.75,13.2,0.91,0,1
805564,56.84,3,32547,1,41.93,13.21,1.0,0,4
757316,9.53,1,1143,1,80.95,19.53,0.65,1,19
360235,35.25,1,3237,2,80.34,20.11,0.92,1,5
480588,38.77,1,1922,2,84.56,20.47,0.89,1,4
1034386,17.57,3,18600,2,73.63,18.14,0.96,1,6
944773,94.68,2,-163,1,57.52,16.34,0.35,0,9
228764,40.14,1,4207,2,91.66,18.98,0.86,1,6
519552,36.25,3,34412,2,86.39,19.94,1.07,1,5
597295,36.24,2,18422,2,73.96,18.53,1.05,1,5
430618,72.8,1,3100,1,45.86,15.1,0.55,0,9
791991,79.87,3,26807,1,43.91,16.78,1.15,0,5
646541,23.28,2,23339,2,83.69,18.69,1.0,1,11
149822,48.57,1,3616,2,61.84,16.78,0.89,1,7
449578,72.16,3,62754,1,61.41,16.31,1.23,0,0
267731,51.88,1,2430,2,63.9,18.07,0.91,1,8
708586,25.61,1,2533,2,81.85,18.59,1.31,1,5
529591,84.28,2,16564,1,50.73,15.25,0.91,0,7
423280,48.7,1,3219,2,82.46,18.59,1.11,1,5
151893,75.12,2,7148,1,52.87,14.24,0.93,0,7
257135,49.28,2,18428,1,81.53,18.56,0.64,1,16
484795,90.85,1,2197,1,36.44,13.67,0.72,0,5
691342,0.0,1,925,2,58.08,18.9,1.19,1,5
231525,52.21,2,3246,2,80.13,19.21,0.95,1,7
319214,13.3,3,20605,2,67.57,18.92,0.88,1,5
196090,29.27,3,54166,2,70.48,19.72,1.14,1,12
531620,76.88,1,1980,1,37.78,12.73,0.48,0,6
942264,83.97,1,2897,1,40.4,12.02,0.95,0,6
937775,7.79,2,18205,2,74.64,19.36,1.16,1,5
17537,85.49,2,3439,1,39.37,15.32,0.74,0,7
759508,100.0,2,8803,1,45.59,15.51,1.14,0,5
272190,69.98,2,7994,2,67.57,15.95,0.86,0,1
854156,10.88,3,36714,2,86.28,20.1,1.15,1,5
412848,37.92,1,4720,1,78.44,18.45,1.5,1,17
68985,0.0,2,20766,2,82.4,21.1,1.03,1,4
539514,79.33,3,17248,1,51.92,13.06,1.02,0,3
795082,6.99,2,10706,2,84.74,17.91,1.07,1,7
1014290,84.63,1,4417,2,46.97,12.74,0.72,0,1
815166,13.18,2,16324,2,82.25,18.64,1.0,1,6
440553,12.52,2,7080,2,104.1,19.39,0.9,1,5
904579,48.97,2,6917,2,93.55,19.95,1.07,1,7
727900,0.0,1,1790,2,91.92,19.5,1.0,1,9
112832,45.01,1,3355,2,77.37,18.2,1.16,1,6
967003,4.61,1,5668,1,83.54,19.49,0.36,1,20
209887,46.68,1,2287,2,87.01,19.99,1.47,1,11
591508,43.16,2,9898,2,100.78,20.01,1.17,1,7
459687,35.77,1,1403,2,56.73,21.05,0.94,1,6
1019816,100.0,1,702,1,50.61,13.38,0.98,0,1
716741,100.0,3,39183,1,43.88,18.1,0.88,0,7
1048856,21.83,2,11726,2,67.3,17.46,0.82,1,7
486714,29.23,2,15686,1,74.77,18.89,0.98,1,20
814830,66.36,1,2533,1,70.42,17.47,0.77,0,4
150157,50.79,1,3124,2,80.51,18.58,0.94,1,9
422736,100.0,3,43738,1,58.5,14.26,0.46,0,3
173454,27.4,2,14945,2,83.02,19.17,0.99,1,6
767089,56.92,3,15232,2,93.41,19.41,0.98,1,5
188066,83.54,1,2946,1,36.23,12.57,0.59,0,5
614523,26.82,3,24607,2,62.59,19.32,0.91,1,6
93043,64.72,1,2567,1,33.5,13.42,1.07,0,5
900088,67.04,2,18132,1,60.21,14.72,1.18,0,6
31177,97.03,1,2278,1,58.73,15.65,0.61,0,4
203021,17.53,2,13997,2,81.86,20.89,1.12,1,8
836252,40.57,2,14846,2,71.37,19.27,1.02,1,6
575483,53.16,1,1804,1,75.23,17.88,0.6,1,17
120568,63.44,1,2503,1,81.44,19.07,0.77,1,14
641001,63.55,2,19163,2,48.25,13.31,0.46,0,1
565445,83.66,2,9690,2,42.54,12.95,0.89,0,1
695916,22.85,2,12276,2,88.89,18.51,1.1,1,5
734958,84.4,3,25096,2,56.21,14.74,0.79,0,1
123033,100.0,3,14855,1,55.26,12.48,0.71,0,6
47312,88.96,2,8166,1,56.53,13.97,0.73,0,6
772461,84.84,2,6669,1,43.93,13.21,0.34,0,4
580710,96.16,1,1890,1,67.27,15.12,0.81,0,5
703719,21.01,1,2068,2,88.52,17.53,0.89,1,11
170608,97.07,2,12897,1,62.73,15.67,0.78,0,6
542921,100.0,3,14826,2,50.42,15.84,0.78,0,1
464708,38.82,3,72132,2,74.33,19.36,1.03,1,6
653900,64.62,3,24341,1,53.58,16.83,0.91,0,7
767176,23.81,2,6804,1,78.3,18.82,1.17,1,18
768294,30.19,1,3896,2,79.54,19.57,0.97,1,4
693897,70.84,3,23575,1,57.95,14.63,0.68,0,4
204625,39.22,3,35775,2,69.89,20.46,1.03,1,14
483696,17.52,3,24936,2,79.61,20.78,0.95,1,6
652213,98.16,2,14040,1,51.63,14.13,0.7,0,4
61746,23.51,2,14736,1,87.65,21.37,1.09,1,15
283701,43.54,2,10157,1,72.63,18.57,1.16,1,15
175435,25.09,1,6675,2,64.94,19.05,0.79,1,8
688939,76.48,3,37878,1,47.55,14.93,0.63,0,3
553155,28.79,2,7197,1,61.71,18.68,0.97,1,14
304557,64.94,1,2760,1,45.06,13.87,0.85,0,6
137357,98.25,1,1278,1,48.24,14.79,0.67,0,5
641377,37.17,2,17912,2,75.05,20.58,0.81,1,9
159675,79.7,2,8714,1,38.9,12.99,0.87,0,8
672631,100.0,1,1823,2,39.85,13.27,0.56,0,2
1023312,33.11,1,3636,2,74.52,18.72,1.28,1,16
430202,65.54,1,2689,1,98.67,18.56,0.78,1,15
950271,40.8,2,7771,2,70.93,20.92,1.31,1,10
185982,50.47,2,20982,1,70.97,19.83,1.06,1,24
594820,14.71,2,27189,2,96.82,18.98,0.98,1,13
934954,11.93,1,1913,2,77.01,18.74,1.17,1,5
683598,96.23,3,24916,1,35.41,15.81,0.83,0,5
890553,19.01,1,2187,2,93.77,18.15,0.79,1,5
592358,22.06,2,4545,1,91.11,19.92,0.98,1,16
628612,70.75,2,14997,1,54.61,11.83,0.71,0,10
191115,54.0,2,7999,2,46.2,13.92,0.77,0,1
770803,21.7,3,34823,2,80.5,22.06,0.78,1,8
771011,10.33,1,2607,2,71.8,17.0,0.86,1,6
845026,23.07,1,1980,2,68.97,18.17,0.93,1,6
942972,67.73,3,18516,1,42.29,14.53,0.97,0,8
707230,62.77,1,4877,2,84.49,18.63,1.05,1,6
637048,59.24,1,2129,2,88.4,18.35,0.9,1,5
785422,84.73,3,25192,1,51.33,13.54,0.7,0,6
785898,39.07,1,1377,2,85.92,19.43,1.27,1,5
568578,63.88,1,1587,1,70.17,17.96,0.95,1,12
950448,69.57,2,14470,1,64.69,14.19,0.5,0,-1
685876,100.0,1,2472,2,42.86,13.28,0.29,0,1
4902,100.0,1,1696,1,46.93,13.35,0.6,0,8
209927,12.9,1,2903,2,86.0,19.97,0.87,1,11
377413,73.95,2,4334,1,35.41,14.59,0.57,0,2
297947,99.07,3,42249,1,42.74,18.31,0.41,0,5
674115,38.48,2,3456,2,67.14,17.91,1.02,1,6
698027,66.18,1,1588,1,40.69,12.52,0.51,0,5
529409,35.71,1,4194,2,73.27,19.59,1.19,1,6
930403,47.04,3,58612,2,92.52,20.01,1.29,1,8
907727,98.85,2,5167,1,52.07,14.02,1.08,0,3
152982,73.81,1,1704,1,45.74,12.68,0.57,0,8
410486,49.0,1,1653,2,83.87,18.7,0.87,1,5
836655,36.68,1,1985,2,92.23,20.31,1.09,1,12
209953,60.46,1,-403,2,78.74,20.24,0.9,1,6
523867,29.7,2,15926,2,82.48,18.11,0.8,1,6
639628,34.24,2,7061,2,89.51,21.26,1.11,1,5
228108,45.53,2,12325,2,73.17,19.6,1.2,1,5
483553,53.5,1,41,2,44.23,15.3,1.01,0,1
205469,97.62,3,5471,1,37.62,11.48,0.63,0,7
831739,9.7,3,60650,2,90.89,19.57,0.81,1,7
499681,85.79,2,11574,1,47.57,14.89,0.69,0,9
379760,21.95,2,3651,2,90.58,19.8,1.04,1,6
774204,93.14,1,773,2,43.48,12.02,0.61,0,1
274679,20.24,1,1859,1,81.43,20.04,0.76,1,15
718982,13.73,1,2287,1,86.54,20.69,0.97,1,19
902839,35.79,2,19478,1,73.17,17.21,1.18,1,17
779700,65.71,2,9981,1,63.55,15.06,0.9,0,8
605845,45.89,3,17533,2,71.92,18.43,0.83,1,12
920701,76.39,3,22425,1,40.36,16.97,0.5,0,8
999384,99.61,1,997,2,66.57,15.58,0.76,0,1
442037,60.06,1,5343,1,46.61,13.43,0.71,0,1
531272,81.16,3,8494,1,44.93,11.73,0.68,0,5
719837,76.44,2,7748,2,53.93,17.95,0.74,0,1
488476,100.0,3,26647,2,53.42,14.92,0.69,0,1
183012,49.01,2,13777,2,85.59,19.36,0.96,1,5
60521,67.84,2,9834,1,39.45,13.62,0.56,0,6
980089,93.35,1,1440,1,26.51,12.16,0.43,0,6
436570,73.52,3,9032,2,72.54,15.73,0.82,0,1
934804,100.0,3,39691,1,51.75,15.28,0.77,0,9
159851,41.04,1,2792,2,83.87,18.86,1.03,1,8
221995,17.05,2,17455,2,81.46,20.44,0.85,1,8
348400,73.66,1,4020,2,55.73,13.63,0.82,0,1
805046,100.0,3,18887,1,37.68,14.23,0.99,0,5
526557,51.95,1,3827,2,86.43,19.6,1.16,1,6
213402,87.62,2,17333,1,34.35,14.48,0.67,0,5
703332,61.44,2,6722,1,61.83,15.33,0.73,0,6
795458,12.67,3,32762,1,79.6,20.99,0.87,1,16
259802,32.47,1,1866,2,91.92,18.66,0.92,1,7
1021063,24.23,1,1799,2,72.81,19.77,0.95,1,16
448885,53.57,2,11083,1,40.31,14.85,0.67,0,6
168775,16.0,1,1524,2,64.81,17.45,0.93,1,6
702323,31.72,1,5054,2,72.0,19.1,0.73,1,8
155807,0.0,3,32462,1,66.6,19.15,1.02,1,18
475254,80.24,2,3537,1,43.4,11.4,0.55,0,3
356638,58.61,1,929,1,43.11,13.94,0.54,0,6
101357,96.65,1,18,1,48.58,16.5,0.66,0,6
84241,45.45,1,2210,2,84.11,20.54,1.12,1,7
491600,23.74,1,6554,2,88.15,17.75,0.93,1,6
170251,72.26,3,21834,2,85.03,19.63,0.83,1,7
314015,8.63,2,3261,2,61.13,20.23,0.95,1,8
65272,31.97,1,1954,2,59.75,19.05,0.93,1,6
482233,12.19,1,2698,2,75.31,17.7,1.14,1,5
479826,19.85,1,3855,1,73.39,18.9,0.99,1,17
178772,55.55,2,4685,1,74.31,18.8,0.87,1,18
838033,100.0,2,13998,1,54.2,15.23,0.86,0,8
739136,63.56,3,28175,1,58.51,15.4,1.06,0,2
27872,16.41,1,3655,2,73.48,19.21,0.95,1,17
224537,11.71,3,22800,2,70.34,19.03,1.43,1,5
49932,100.0,3,5517,1,42.73,14.87,0.51,0,7
925181,26.74,2,17053,2,69.23,17.24,0.88,1,9
246789,40.64,1,2787,2,68.4,19.64,0.99,1,6
711783,100.0,1,1833,2,33.07,14.93,0.73,0,1
503613,30.13,3,59552,1,68.3,18.38,1.17,1,17
187014,36.78,1,3399,2,78.82,19.56,0.86,1,5
99868,76.2,1,971,2,59.26,14.88,0.79,0,1
1000905,57.07,1,165,1,37.0,13.45,0.73,0,8
39832,32.28,1,1813,2,62.71,21.01,1.27,1,6
121152,96.03,1,1203,2,35.78,11.88,0.69,0,0
843639,38.0,1,3173,1,74.77,19.3,0.88,1,20
856592,82.44,2,8286,1,69.06,14.48,0.95,0,3
382253,47.94,1,2937,1,90.17,19.34,1.07,1,25
460147,93.5,2,5443,2,47.39,14.1,0.86,0,1
470906,7.19,1,2344,2,63.97,19.12,1.16,1,9
222708,88.2,2,17394,1,54.92,17.31,0.8,0,7
944964,22.15,1,905,2,100.26,19.58,0.64,1,10
662406,15.46,3,28564,2,77.37,20.53,0.81,1,11
380194,32.68,1,3064,1,101.33,19.94,0.92,1,15
671723,61.98,1,1812,1,42.25,12.73,0.75,0,2
413328,35.84,1,4052,2,90.72,20.59,0.74,1,7
700715,31.33,2,13771,2,78.6,21.42,1.09,1,6
528838,82.7,3,14593,2,49.18,13.52,1.08,0,1
826248,16.91,2,4484,2,88.0,18.89,1.08,1,5
883859,100.0,2,11274,1,42.33,14.4,0.91,0,7
400031,56.27,1,1523,1,62.97,15.89,0.43,0,4
1014134,73.31,2,22422,1,67.62,15.44,1.0,0,7
51230,89.43,2,5309,1,40.32,13.12,0.77,0,7
207846,51.59,2,15799,1,88.75,19.59,0.77,1,19
341448,37.51,1,845,2,81.58,17.94,1.19,1,5
322597,41.13,1,2843,1,81.4,19.71,1.06,1,19
118910,23.37,1,4496,2,80.14,18.85,0.85,1,5
321105,31.26,1,3637,2,81.49,20.6,0.94,1,5
913039,77.69,1,370,1,46.12,13.1,0.41,0,9
168398,19.97,1,2274,1,58.02,19.5,1.11,1,17
1034364,83.94,1,2902,1,41.32,16.69,0.59,0,7
553929,84.81,3,18748,1,38.31,13.14,0.83,0,6
824947,2.47,1,3794,2,78.3,17.41,1.78,1,8
800987,91.42,3,31765,2,44.96,16.26,0.72,0,0
752731,42.79,1,1562,2,80.81,18.75,1.1,1,12
95607,27.42,1,2482,1,78.91,18.44,0.92,1,21
109382,48.44,1,4948,2,79.78,18.27,1.25,1,9
555607,72.99,2,13935,2,43.57,13.0,0.7,0,1
868262,100.0,3,52993,1,60.36,15.76,0.81,0,4
1010576,18.22,3,4230,2,60.44,17.8,1.44,1,6
673481,80.2,1,943,2,58.21,15.85,1.03,0,1
313515,100.0,1,2770,1,40.54,11.34,0.4,0,7
829472,53.23,1,2300,1,35.15,13.19,0.98,0,4
290937,87.4,3,37625,2,38.1,15.73,0.74,0,2
506410,74.67,2,8174,2,60.26,13.95,0.56,0,2
226793,76.99,3,19776,1,55.24,14.87,0.69,0,3
824176,77.89,2,9656,1,59.88,13.45,0.91,0,3
553943,36.97,2,1245,2,86.18,20.49,0.84,1,4
516343,83.15,1,2355,1,33.33,13.76,0.65,0,6
223061,92.66,3,37946,1,41.18,16.97,1.13,0,5
592679,70.16,1,3487,2,69.9,18.54,0.78,1,8
292798,71.87,1,1602,1,45.91,11.74,0.72,0,5
397846,76.81,2,5584,1,44.11,11.11,1.06,0,6
933260,0.0,1,339,2,74.61,18.37,1.2,1,6
918245,95.44,2,5553,1,38.29,14.56,0.55,0,2
110511,37.85,1,3408,2,72.54,20.72,1.28,1,15
1025502,90.02,1,2430,2,59.77,14.7,0.5,0,2
1048906,53.7,2,11415,2,70.85,19.17,0.79,1,6
321040,72.25,1,2447,1,42.02,14.38,0.44,0,5
247637,38.32,1,1211,2,103.66,17.38,0.91,1,25
977247,88.33,2,8836,1,45.62,15.29,0.82,0,6
325632,35.76,2,24640,2,81.06,18.06,1.32,1,7
284851,100.0,3,56713,1,57.85,15.73,0.79,0,5
441797,83.06,3,40223,1,59.44,17.29,0.55,0,7
596279,91.55,3,12157,1,49.06,13.2,0.87,0,7
67909,61.47,3,50396,1,63.79,14.74,0.67,0,4
109745,34.18,3,45939,2,80.95,19.97,0.94,1,7
135525,27.99,2,8094,2,92.82,17.55,0.62,1,7
426680,43.72,3,34042,2,76.06,19.04,1.08,1,5
89268,75.41,2,2635,2,50.13,13.44,0.71,0,1
585682,24.0,2,22716,2,93.89,19.43,1.12,1,6
640609,80.41,3,35863,2,42.55,13.54,0.94,0,1
865971,45.91,1,1195,2,76.93,18.99,1.17,1,5
350948,26.87,1,1843,2,79.29,17.85,1.31,1,6
1031782,75.85,3,19247,1,55.65,15.02,0.72,0,3
298656,100.0,1,1295,2,45.97,16.22,0.33,0,1
777703,34.37,2,18425,2,72.05,19.61,0.98,1,7
3748,13.94,1,1158,2,81.25,20.07,0.85,1,5
788303,37.04,2,8023,2,67.28,20.66,0.99,1,10
677882,6.44,1,1600,2,86.8,18.54,0.73,1,6
362775,5.88,1,3259,2,84.43,17.96,0.75,1,5
383907,43.08,2,6146,2,75.36,19.08,1.24,1,5
829715,65.35,1,4007,1,80.85,18.73,0.93,1,19
934810,61.69,1,3647,1,60.14,14.75,0.2,0,6
430738,73.66,1,1834,2,38.75,13.99,0.68,0,0
388572,49.8,2,17871,2,92.26,19.94,0.98,1,7
